Datetime,USGS-02233500_00060_00003:ft^3/s,USGS-02233500_00065_00003:ft,USGS-02233500_63160_00003:ft
2000-01-01,179,3.54,
2000-01-02,172,3.44,
2000-01-03,164,3.35,
2000-01-04,159,,
2000-01-05,152,,
2000-01-06,148,,
2000-01-07,143,3.04,
2000-01-08,140,2.98,
2000-01-09,139,2.94,
2000-01-10,138,2.90,
2000-01-11,137,2.85,
2000-01-12,135,2.80,
2000-01-13,129,2.70,
2000-01-14,123,2.62,
2000-01-15,117,2.50,
2000-01-16,108,2.37,
2000-01-17,103,2.29,
2000-01-18,103,2.26,
2000-01-19,104,2.24,
2000-01-20,102,2.18,
2000-01-21,100,2.13,
2000-01-22,95.0,2.04,
2000-01-23,99.0,2.06,
2000-01-24,98.0,2.04,
2000-01-25,102,2.08,
2000-01-26,119,2.27,
2000-01-27,114,2.20,
2000-01-28,109,2.13,
2000-01-29,107,2.11,
2000-01-30,107,2.11,
2000-01-31,105,2.07,
2000-02-01,112,2.18,
2000-02-02,128,2.37,
2000-02-03,129,2.38,
2000-02-04,126,2.35,
2000-02-05,122,2.30,
2000-02-06,118,2.25,
2000-02-07,113,2.19,
2000-02-08,108,,
2000-02-09,103,,
2000-02-10,99.0,,
2000-02-11,98.0,,
2000-02-12,97.0,,
2000-02-13,99.0,,
2000-02-14,98.0,,
2000-02-15,98.0,,
2000-02-16,100,,
2000-02-17,115,,
2000-02-18,109,,
2000-02-19,98.0,,
2000-02-20,93.0,,
2000-02-21,104,,
2000-02-22,141,,
2000-02-23,120,,
2000-02-24,96.0,,
2000-02-25,84.0,,
2000-02-26,78.0,,
2000-02-27,79.0,,
2000-02-28,79.0,,
2000-02-29,80.0,,
2000-03-01,77.0,,
2000-03-02,67.0,,
2000-03-03,65.0,,
2000-03-04,63.0,,
2000-03-05,62.0,,
2000-03-06,61.0,,
2000-03-07,60.0,,
2000-03-08,59.0,,
2000-03-09,60.0,,
2000-03-10,58.0,,
2000-03-11,57.0,,
2000-03-12,56.0,,
2000-03-13,56.0,,
2000-03-14,56.0,,
2000-03-15,57.0,,
2000-03-16,58.0,,
2000-03-17,61.0,,
2000-03-18,67.0,,
2000-03-19,73.0,,
2000-03-20,70.0,,
2000-03-21,63.0,,
2000-03-22,57.0,,
2000-03-23,54.0,,
2000-03-24,54.0,,
2000-03-25,57.0,,
2000-03-26,57.0,,
2000-03-27,54.0,,
2000-03-28,59.0,,
2000-03-29,57.0,,
2000-03-30,53.0,,
2000-03-31,49.0,,
2000-04-01,55.0,,
2000-04-02,62.0,,
2000-04-03,55.0,,
2000-04-04,52.0,0.99,
2000-04-05,50.0,0.95,
2000-04-06,47.0,0.86,
2000-04-07,45.0,0.81,
2000-04-08,44.0,0.77,
2000-04-09,44.0,0.75,
2000-04-10,44.0,0.77,
2000-04-11,43.0,0.73,
2000-04-12,42.0,0.71,
2000-04-13,43.0,0.74,
2000-04-14,49.0,0.90,
2000-04-15,55.0,1.07,
2000-04-16,59.0,1.19,
2000-04-17,59.0,1.17,
2000-04-18,63.0,1.27,
2000-04-19,55.0,1.06,
2000-04-20,48.0,0.89,
2000-04-21,46.0,0.82,
2000-04-22,43.0,0.73,
2000-04-23,40.0,0.62,
2000-04-24,41.0,0.65,
2000-04-25,42.0,0.66,
2000-04-26,42.0,0.67,
2000-04-27,41.0,0.64,
2000-04-28,41.0,0.63,
2000-04-29,40.0,0.62,
2000-04-30,39.0,0.55,
2000-05-01,39.0,0.58,
2000-05-02,38.0,0.52,
2000-05-03,38.0,0.51,
2000-05-04,37.0,0.48,
2000-05-05,37.0,0.47,
2000-05-06,37.0,0.48,
2000-05-07,36.0,0.44,
2000-05-08,37.0,0.45,
2000-05-09,36.0,0.44,
2000-05-10,37.0,0.47,
2000-05-11,50.0,0.88,
2000-05-12,44.0,0.70,
2000-05-13,40.0,0.57,
2000-05-14,39.0,0.52,
2000-05-15,40.0,0.55,
2000-05-16,39.0,0.51,
2000-05-17,38.0,0.49,
2000-05-18,37.0,0.44,
2000-05-19,38.0,0.46,
2000-05-20,36.0,0.42,
2000-05-21,38.0,0.47,
2000-05-22,37.0,0.45,
2000-05-23,38.0,0.46,
2000-05-24,39.0,0.49,
2000-05-25,38.0,0.45,
2000-05-26,37.0,0.41,
2000-05-27,37.0,0.43,
2000-05-28,35.0,0.36,
2000-05-29,35.0,0.33,
2000-05-30,35.0,0.34,
2000-05-31,33.0,0.26,
2000-06-01,34.0,0.26,
2000-06-02,35.0,0.30,
2000-06-03,35.0,0.31,
2000-06-04,36.0,0.35,
2000-06-05,45.0,0.65,
2000-06-06,67.0,1.22,
2000-06-07,56.0,0.96,
2000-06-08,43.0,0.60,
2000-06-09,41.0,0.51,
2000-06-10,39.0,0.46,
2000-06-11,38.0,0.41,
2000-06-12,42.0,0.53,
2000-06-13,53.0,0.86,
2000-06-14,57.0,0.96,
2000-06-15,47.0,0.69,
2000-06-16,46.0,0.66,
2000-06-17,43.0,0.59,
2000-06-18,41.0,0.51,
2000-06-19,47.0,0.72,
2000-06-20,43.0,0.59,
2000-06-21,41.0,0.51,
2000-06-22,39.0,0.43,
2000-06-23,38.0,0.41,
2000-06-24,39.0,0.43,
2000-06-25,41.0,0.50,
2000-06-26,45.0,0.65,
2000-06-27,47.0,0.72,
2000-06-28,59.0,1.02,
2000-06-29,100,1.82,
2000-06-30,150,2.48,
2000-07-01,153,2.52,
2000-07-02,136,2.32,
2000-07-03,111,2.00,
2000-07-04,90.0,1.68,
2000-07-05,84.0,1.56,
2000-07-06,72.0,1.32,
2000-07-07,67.0,1.21,
2000-07-08,78.0,1.43,
2000-07-09,85.0,1.59,
2000-07-10,99.0,1.84,
2000-07-11,90.0,1.67,
2000-07-12,74.0,1.36,
2000-07-13,65.0,1.16,
2000-07-14,63.0,1.13,
2000-07-15,64.0,1.14,
2000-07-16,65.0,1.15,
2000-07-17,64.0,1.15,
2000-07-18,62.0,1.10,
2000-07-19,67.0,1.21,
2000-07-20,67.0,1.21,
2000-07-21,82.0,1.52,
2000-07-22,86.0,1.61,
2000-07-23,78.0,1.43,
2000-07-24,74.0,1.37,
2000-07-25,70.0,1.28,
2000-07-26,79.0,1.47,
2000-07-27,125,2.18,
2000-07-28,225,3.20,
2000-07-29,226,3.21,
2000-07-30,185,2.85,
2000-07-31,164,2.64,
2000-08-01,138,2.35,
2000-08-02,115,2.06,
2000-08-03,109,1.98,
2000-08-04,164,2.63,
2000-08-05,155,2.54,
2000-08-06,135,2.32,
2000-08-07,134,2.30,
2000-08-08,128,2.23,
2000-08-09,112,2.02,
2000-08-10,95.0,1.76,
2000-08-11,84.0,1.56,
2000-08-12,78.0,1.46,
2000-08-13,79.0,1.47,
2000-08-14,77.0,1.42,
2000-08-15,75.0,1.40,
2000-08-16,72.0,1.32,
2000-08-17,66.0,1.21,
2000-08-18,62.0,1.11,
2000-08-19,58.0,1.02,
2000-08-20,56.0,0.96,
2000-08-21,57.0,1.00,
2000-08-22,74.0,1.38,
2000-08-23,86.0,1.63,
2000-08-24,81.0,1.54,
2000-08-25,79.0,1.48,
2000-08-26,80.0,1.52,
2000-08-27,139,2.39,
2000-08-28,143,2.45,
2000-08-29,122,2.19,
2000-08-30,100,1.89,
2000-08-31,90.0,1.73,
2000-09-01,82.0,1.56,
2000-09-02,75.0,1.42,
2000-09-03,68.0,1.29,
2000-09-04,64.0,1.19,
2000-09-05,61.0,1.13,
2000-09-06,61.0,1.12,
2000-09-07,84.0,1.60,
2000-09-08,151,2.55,
2000-09-09,177,2.82,
2000-09-10,177,2.83,
2000-09-11,168,2.74,
2000-09-12,148,2.53,
2000-09-13,129,2.30,
2000-09-14,114,2.10,
2000-09-15,99.0,1.90,
2000-09-16,89.0,1.72,
2000-09-17,83.0,1.63,
2000-09-18,93.0,1.80,
2000-09-19,118,2.17,
2000-09-20,146,2.52,
2000-09-21,196,3.03,
2000-09-22,246,3.46,
2000-09-23,307,3.97,
2000-09-24,347,4.27,
2000-09-25,361,4.37,
2000-09-26,346,4.27,
2000-09-27,296,3.89,
2000-09-28,298,3.91,
2000-09-29,307,3.99,
2000-09-30,270,3.68,
2000-10-01,262,3.61,
2000-10-02,240,3.43,
2000-10-03,205,3.14,
2000-10-04,218,3.25,
2000-10-05,288,3.83,
2000-10-06,426,4.85,
2000-10-07,537,5.58,
2000-10-08,489,5.28,
2000-10-09,380,,
2000-10-10,290,,
2000-10-11,215,,
2000-10-12,153,2.93,
2000-10-13,138,2.75,
2000-10-14,121,2.60,
2000-10-15,108,2.45,
2000-10-16,98.0,2.33,
2000-10-17,90.0,2.24,
2000-10-18,81.0,2.13,
2000-10-19,76.0,2.06,
2000-10-20,72.0,1.98,
2000-10-21,69.0,1.93,
2000-10-22,66.0,1.86,
2000-10-23,64.0,1.81,
2000-10-24,63.0,1.77,
2000-10-25,60.0,1.70,
2000-10-26,60.0,1.70,
2000-10-27,65.0,1.78,
2000-10-28,66.0,1.78,
2000-10-29,63.0,1.73,
2000-10-30,62.0,1.69,
2000-10-31,61.0,1.66,
2000-11-01,60.0,1.63,
2000-11-02,61.0,1.61,
2000-11-03,59.0,1.57,
2000-11-04,58.0,1.52,
2000-11-05,60.0,1.53,
2000-11-06,61.0,1.53,
2000-11-07,62.0,1.50,
2000-11-08,61.0,1.46,
2000-11-09,60.0,1.40,
2000-11-10,60.0,1.38,
2000-11-11,61.0,1.36,
2000-11-12,60.0,1.30,
2000-11-13,58.0,1.24,
2000-11-14,58.0,1.20,
2000-11-15,58.0,1.18,
2000-11-16,59.0,1.17,
2000-11-17,59.0,1.15,
2000-11-18,60.0,1.15,
2000-11-19,57.0,1.08,
2000-11-20,57.0,1.07,
2000-11-21,55.0,1.03,
2000-11-22,53.0,0.98,
2000-11-23,51.0,0.93,
2000-11-24,51.0,0.91,
2000-11-25,52.0,0.95,
2000-11-26,52.0,0.96,
2000-11-27,61.0,1.18,
2000-11-28,80.0,1.57,
2000-11-29,78.0,1.53,
2000-11-30,70.0,1.39,
2000-12-01,67.0,1.31,
2000-12-02,60.0,1.15,
2000-12-03,56.0,1.04,
2000-12-04,54.0,1.01,
2000-12-05,53.0,0.98,
2000-12-06,52.0,0.94,
2000-12-07,51.0,0.91,
2000-12-08,51.0,0.92,
2000-12-09,50.0,0.89,
2000-12-10,49.0,0.88,
2000-12-11,49.0,0.88,
2000-12-12,53.0,0.98,
2000-12-13,62.0,1.20,
2000-12-14,66.0,1.29,
2000-12-15,63.0,1.23,
2000-12-16,58.0,1.11,
2000-12-17,57.0,1.08,
2000-12-18,56.0,1.05,
2000-12-19,56.0,1.04,
2000-12-20,55.0,1.03,
2000-12-21,53.0,0.96,
2000-12-22,51.0,0.92,
2000-12-23,51.0,0.91,
2000-12-24,50.0,0.90,
2000-12-25,49.0,0.87,
2000-12-26,47.0,0.82,
2000-12-27,49.0,0.86,
2000-12-28,49.0,0.86,
2000-12-29,55.0,1.03,
2000-12-30,61.0,1.17,
2000-12-31,57.0,1.08,
2001-01-01,55.0,1.03,
2001-01-02,53.0,0.96,
2001-01-03,51.0,0.91,
2001-01-04,49.0,0.87,
2001-01-05,47.0,0.80,
2001-01-06,49.0,0.86,
2001-01-07,48.0,0.83,
2001-01-08,49.0,0.86,
2001-01-09,52.0,0.94,
2001-01-10,53.0,0.98,
2001-01-11,53.0,0.98,
2001-01-12,53.0,0.96,
2001-01-13,52.0,0.96,
2001-01-14,53.0,0.98,
2001-01-15,51.0,0.93,
2001-01-16,51.0,0.91,
2001-01-17,50.0,0.90,
2001-01-18,50.0,0.89,
2001-01-19,50.0,0.90,
2001-01-20,52.0,0.95,
2001-01-21,53.0,0.97,
2001-01-22,55.0,1.01,
2001-01-23,53.0,0.98,
2001-01-24,52.0,0.96,
2001-01-25,50.0,0.90,
2001-01-26,50.0,0.90,
2001-01-27,49.0,0.88,
2001-01-28,49.0,0.85,
2001-01-29,47.0,0.82,
2001-01-30,47.0,0.81,
2001-01-31,50.0,0.88,
2001-02-01,59.0,1.11,
2001-02-02,70.0,1.36,
2001-02-03,67.0,1.29,
2001-02-04,62.0,1.19,
2001-02-05,63.0,1.18,
2001-02-06,62.0,1.18,
2001-02-07,60.0,1.12,
2001-02-08,56.0,1.01,
2001-02-09,54.0,0.96,
2001-02-10,54.0,0.94,
2001-02-11,52.0,0.89,
2001-02-12,52.0,0.89,
2001-02-13,51.0,0.87,
2001-02-14,51.0,0.85,
2001-02-15,50.0,0.82,
2001-02-16,50.0,0.82,
2001-02-17,49.0,0.80,
2001-02-18,47.0,0.74,
2001-02-19,47.0,0.74,
2001-02-20,47.0,0.72,
2001-02-21,46.0,0.69,
2001-02-22,45.0,0.65,
2001-02-23,47.0,0.70,
2001-02-24,47.0,0.70,
2001-02-25,45.0,0.64,
2001-02-26,46.0,0.66,
2001-02-27,48.0,0.72,
2001-02-28,48.0,0.71,
2001-03-01,47.0,0.70,
2001-03-02,47.0,0.68,
2001-03-03,44.0,0.59,
2001-03-04,46.0,0.64,
2001-03-05,52.0,0.81,
2001-03-06,64.0,1.11,
2001-03-07,59.0,0.98,
2001-03-08,50.0,0.75,
2001-03-09,47.0,0.66,
2001-03-10,46.0,0.62,
2001-03-11,43.0,0.52,
2001-03-12,43.0,0.51,
2001-03-13,43.0,0.51,
2001-03-14,45.0,0.57,
2001-03-15,48.0,0.66,
2001-03-16,46.0,0.60,
2001-03-17,45.0,0.55,
2001-03-18,44.0,0.52,
2001-03-19,45.0,0.55,
2001-03-20,70.0,1.14,
2001-03-21,145,2.33,
2001-03-22,130,2.15,
2001-03-23,97.0,1.69,
2001-03-24,78.0,1.34,
2001-03-25,67.0,1.10,
2001-03-26,61.0,0.96,
2001-03-27,57.0,0.87,
2001-03-28,55.0,0.81,
2001-03-29,53.0,0.77,
2001-03-30,80.0,1.34,
2001-03-31,183,2.72,
2001-04-01,222,3.09,
2001-04-02,180,2.71,
2001-04-03,135,2.23,
2001-04-04,107,1.89,
2001-04-05,91.0,1.63,
2001-04-06,82.0,1.48,
2001-04-07,75.0,1.33,
2001-04-08,70.0,1.26,
2001-04-09,64.0,1.13,
2001-04-10,61.0,1.06,
2001-04-11,57.0,0.98,
2001-04-12,55.0,0.93,
2001-04-13,52.0,0.87,
2001-04-14,50.0,0.82,
2001-04-15,50.0,0.83,
2001-04-16,48.0,0.78,
2001-04-17,45.0,0.71,
2001-04-18,41.0,0.60,
2001-04-19,41.0,0.58,
2001-04-20,39.0,0.55,
2001-04-21,39.0,0.55,
2001-04-22,39.0,0.54,
2001-04-23,37.0,0.50,
2001-04-24,37.0,0.51,
2001-04-25,36.0,0.49,
2001-04-26,38.0,0.57,
2001-04-27,41.0,0.66,
2001-04-28,41.0,0.70,
2001-04-29,37.0,0.54,
2001-04-30,37.0,0.55,
2001-05-01,40.0,0.67,
2001-05-02,49.0,0.97,
2001-05-03,52.0,1.07,
2001-05-04,49.0,0.99,
2001-05-05,46.0,0.91,
2001-05-06,44.0,0.87,
2001-05-07,41.0,0.76,
2001-05-08,39.0,0.70,
2001-05-09,35.0,0.59,
2001-05-10,35.0,0.57,
2001-05-11,33.0,0.50,
2001-05-12,34.0,0.53,
2001-05-13,34.0,0.52,
2001-05-14,34.0,0.52,
2001-05-15,34.0,0.52,
2001-05-16,34.0,0.52,
2001-05-17,34.0,0.53,
2001-05-18,33.0,0.47,
2001-05-19,31.0,0.41,
2001-05-20,31.0,0.37,
2001-05-21,30.0,0.35,
2001-05-22,32.0,0.44,
2001-05-23,37.0,0.63,
2001-05-24,47.0,0.98,
2001-05-25,52.0,1.13,
2001-05-26,70.0,1.54,
2001-05-27,131,2.53,
2001-05-28,147,2.74,
2001-05-29,114,2.32,
2001-05-30,95.0,2.04,
2001-05-31,80.0,1.76,
2001-06-01,68.0,1.52,
2001-06-02,64.0,1.42,
2001-06-03,63.0,1.39,
2001-06-04,93.0,1.96,
2001-06-05,164,2.91,
2001-06-06,181,3.08,
2001-06-07,162,2.89,
2001-06-08,221,3.44,
2001-06-09,259,3.76,
2001-06-10,250,3.69,
2001-06-11,195,3.21,
2001-06-12,176,3.03,
2001-06-13,188,3.15,
2001-06-14,164,2.91,
2001-06-15,142,2.67,
2001-06-16,137,2.61,
2001-06-17,120,2.39,
2001-06-18,104,2.17,
2001-06-19,125,2.45,
2001-06-20,141,2.65,
2001-06-21,180,3.06,
2001-06-22,179,3.05,
2001-06-23,243,3.62,
2001-06-24,340,4.40,
2001-06-25,353,4.50,
2001-06-26,325,4.30,
2001-06-27,290,4.01,
2001-06-28,253,3.71,
2001-06-29,245,3.63,
2001-06-30,227,3.48,
2001-07-01,209,3.33,
2001-07-02,192,3.18,
2001-07-03,167,2.93,
2001-07-04,135,2.57,
2001-07-05,113,2.29,
2001-07-06,104,2.16,
2001-07-07,100,2.09,
2001-07-08,101,2.12,
2001-07-09,108,2.23,
2001-07-10,126,2.45,
2001-07-11,164,2.89,
2001-07-12,194,3.19,
2001-07-13,196,3.21,
2001-07-14,195,3.20,
2001-07-15,182,3.07,
2001-07-16,194,3.19,
2001-07-17,240,3.58,
2001-07-18,294,4.03,
2001-07-19,411,4.89,
2001-07-20,731,6.85,
2001-07-21,984,8.17,
2001-07-22,1210,9.21,
2001-07-23,2130,11.41,
2001-07-24,2640,12.20,
2001-07-25,2080,11.37,
2001-07-26,1510,10.16,
2001-07-27,1180,8.89,
2001-07-28,898,7.49,
2001-07-29,664,6.24,
2001-07-30,512,5.32,
2001-07-31,421,4.72,
2001-08-01,414,4.67,
2001-08-02,465,5.02,
2001-08-03,582,5.76,
2001-08-04,685,6.36,
2001-08-05,847,7.23,
2001-08-06,1130,8.65,
2001-08-07,1290,9.37,
2001-08-08,1260,9.25,
2001-08-09,1130,8.67,
2001-08-10,969,7.85,
2001-08-11,862,7.31,
2001-08-12,921,7.61,
2001-08-13,1020,8.08,
2001-08-14,1020,8.08,
2001-08-15,847,7.23,
2001-08-16,626,6.17,
2001-08-17,478,5.46,
2001-08-18,438,5.27,
2001-08-19,560,5.91,
2001-08-20,814,7.08,
2001-08-21,965,7.83,
2001-08-22,918,7.59,
2001-08-23,821,7.10,
2001-08-24,669,6.42,
2001-08-25,496,5.62,
2001-08-26,401,5.12,
2001-08-27,365,4.90,
2001-08-28,324,4.64,
2001-08-29,280,4.35,
2001-08-30,239,4.08,
2001-08-31,211,3.88,
2001-09-01,224,3.97,
2001-09-02,228,4.00,
2001-09-03,262,4.21,
2001-09-04,332,4.63,
2001-09-05,307,4.50,
2001-09-06,288,4.40,
2001-09-07,368,4.92,
2001-09-08,510,5.69,
2001-09-09,755,6.81,
2001-09-10,1000,8.01,
2001-09-11,1170,8.83,
2001-09-12,1120,8.61,
2001-09-13,997,8.01,
2001-09-14,1060,8.37,
2001-09-15,2020,11.03,
2001-09-16,3910,13.73,
2001-09-17,3600,13.39,
2001-09-18,2680,12.25,
2001-09-19,1920,11.13,
2001-09-20,1400,10.18,
2001-09-21,1120,9.42,
2001-09-22,966,8.97,
2001-09-23,979,9.00,
2001-09-24,1160,9.51,
2001-09-25,1240,9.71,
2001-09-26,1090,9.27,
2001-09-27,925,8.73,
2001-09-28,803,8.28,
2001-09-29,703,7.92,
2001-09-30,631,7.68,
2001-10-01,587,7.50,
2001-10-02,539,7.31,
2001-10-03,486,7.10,
2001-10-04,440,6.92,
2001-10-05,400,6.73,
2001-10-06,367,6.57,
2001-10-07,344,6.43,
2001-10-08,332,6.34,
2001-10-09,324,6.26,
2001-10-10,304,6.15,
2001-10-11,288,6.04,
2001-10-12,277,5.95,
2001-10-13,273,5.89,
2001-10-14,257,5.78,
2001-10-15,254,5.77,
2001-10-16,274,5.78,
2001-10-17,265,5.68,
2001-10-18,254,5.58,
2001-10-19,235,5.46,
2001-10-20,218,5.36,
2001-10-21,231,5.39,
2001-10-22,299,5.68,
2001-10-23,383,6.04,
2001-10-24,396,6.09,
2001-10-25,440,6.30,
2001-10-26,489,6.49,
2001-10-27,458,6.33,
2001-10-28,399,6.07,
2001-10-29,348,5.83,
2001-10-30,302,5.61,
2001-10-31,271,5.44,
2001-11-01,250,5.31,
2001-11-02,237,5.23,
2001-11-03,241,5.24,
2001-11-04,253,5.26,
2001-11-05,243,5.17,
2001-11-06,235,5.09,
2001-11-07,221,5.00,
2001-11-08,214,4.92,
2001-11-09,205,4.83,
2001-11-10,196,4.72,
2001-11-11,187,4.63,
2001-11-12,181,4.54,
2001-11-13,177,4.48,
2001-11-14,210,4.71,
2001-11-15,281,5.15,
2001-11-16,295,5.24,
2001-11-17,282,5.21,
2001-11-18,265,5.14,
2001-11-19,242,5.02,
2001-11-20,222,4.92,
2001-11-21,209,4.84,
2001-11-22,202,4.78,
2001-11-23,190,4.69,
2001-11-24,177,4.60,
2001-11-25,174,4.53,
2001-11-26,170,4.46,
2001-11-27,162,4.38,
2001-11-28,158,4.29,
2001-11-29,151,4.19,
2001-11-30,143,4.08,
2001-12-01,136,3.97,
2001-12-02,130,3.86,
2001-12-03,125,3.75,
2001-12-04,122,3.65,
2001-12-05,122,3.57,
2001-12-06,117,3.47,
2001-12-07,112,3.38,
2001-12-08,112,3.31,
2001-12-09,110,3.23,
2001-12-10,107,3.15,
2001-12-11,109,3.08,
2001-12-12,108,3.02,
2001-12-13,107,2.95,
2001-12-14,102,2.85,
2001-12-15,98.9,2.76,
2001-12-16,97.6,2.69,
2001-12-17,93.5,2.60,
2001-12-18,90.7,2.51,
2001-12-19,89.8,2.45,
2001-12-20,88.9,2.37,
2001-12-21,86.0,2.29,
2001-12-22,85.4,2.22,
2001-12-23,83.1,2.14,
2001-12-24,80.2,2.06,
2001-12-25,79.1,2.00,
2001-12-26,79.7,1.97,
2001-12-27,84.2,1.98,
2001-12-28,87.1,1.98,
2001-12-29,84.9,1.92,
2001-12-30,84.7,1.87,
2001-12-31,84.4,1.82,
2002-01-01,84.7,1.79,
2002-01-02,89.2,1.85,
2002-01-03,141,2.48,
2002-01-04,230,3.26,
2002-01-05,214,3.13,
2002-01-06,185,2.89,
2002-01-07,163,2.68,
2002-01-08,144,2.48,
2002-01-09,133,2.33,
2002-01-10,125,2.22,
2002-01-11,121,2.15,
2002-01-12,115,2.07,
2002-01-13,109,1.99,
2002-01-14,108,1.97,
2002-01-15,120,2.13,
2002-01-16,144,2.42,
2002-01-17,143,2.42,
2002-01-18,139,2.37,
2002-01-19,135,2.31,
2002-01-20,125,2.19,
2002-01-21,122,2.15,
2002-01-22,119,2.11,
2002-01-23,115,2.06,
2002-01-24,109,1.98,
2002-01-25,106,1.94,
2002-01-26,104,1.91,
2002-01-27,98.2,1.82,
2002-01-28,96.1,1.79,
2002-01-29,97.1,1.80,
2002-01-30,96.5,1.79,
2002-01-31,96.0,1.79,
2002-02-01,96.3,1.79,
2002-02-02,94.0,1.75,
2002-02-03,90.5,1.69,
2002-02-04,88.0,1.64,
2002-02-05,85.3,1.58,
2002-02-06,81.9,1.52,
2002-02-07,79.1,1.46,
2002-02-08,82.0,1.52,
2002-02-09,90.6,1.69,
2002-02-10,91.4,1.71,
2002-02-11,97.8,1.81,
2002-02-12,103,1.90,
2002-02-13,97.6,1.81,
2002-02-14,90.7,1.69,
2002-02-15,86.0,1.60,
2002-02-16,82.3,1.53,
2002-02-17,80.8,1.50,
2002-02-18,79.1,1.46,
2002-02-19,75.6,1.39,
2002-02-20,73.5,1.36,
2002-02-21,72.9,1.34,
2002-02-22,82.3,1.52,
2002-02-23,207,2.99,
2002-02-24,466,5.02,
2002-02-25,587,5.80,
2002-02-26,624,6.02,
2002-02-27,618,5.99,
2002-02-28,522,5.39,
2002-03-01,414,4.67,
2002-03-02,340,4.14,
2002-03-03,289,3.74,
2002-03-04,259,3.49,
2002-03-05,242,3.35,
2002-03-06,224,3.20,
2002-03-07,205,3.05,
2002-03-08,192,2.92,
2002-03-09,180,2.80,
2002-03-10,167,2.67,
2002-03-11,155,2.55,
2002-03-12,146,2.46,
2002-03-13,143,2.41,
2002-03-14,154,2.54,
2002-03-15,147,2.46,
2002-03-16,132,2.28,
2002-03-17,124,2.17,
2002-03-18,115,2.06,
2002-03-19,107,,
2002-03-20,98.0,,
2002-03-21,95.0,,
2002-03-22,93.0,,
2002-03-23,87.0,,
2002-03-24,83.0,,
2002-03-25,85.0,,
2002-03-26,84.0,,
2002-03-27,100,,
2002-03-28,105,,
2002-03-29,96.0,,
2002-03-30,90.0,,
2002-03-31,85.0,,
2002-04-01,79.0,,
2002-04-02,77.0,,
2002-04-03,77.0,,
2002-04-04,79.0,,
2002-04-05,83.0,,
2002-04-06,74.0,,
2002-04-07,70.0,,
2002-04-08,68.0,,
2002-04-09,65.0,,
2002-04-10,62.0,,
2002-04-11,60.0,,
2002-04-12,65.0,,
2002-04-13,77.0,,
2002-04-14,86.0,,
2002-04-15,92.0,,
2002-04-16,110,,
2002-04-17,140,,
2002-04-18,148,,
2002-04-19,114,,
2002-04-20,94.0,,
2002-04-21,83.0,,
2002-04-22,75.0,,
2002-04-23,69.0,,
2002-04-24,64.0,,
2002-04-25,61.0,,
2002-04-26,59.0,,
2002-04-27,73.0,,
2002-04-28,78.0,,
2002-04-29,64.0,,
2002-04-30,63.0,,
2002-05-01,72.0,,
2002-05-02,67.0,,
2002-05-03,62.0,,
2002-05-04,56.0,,
2002-05-05,53.0,,
2002-05-06,50.0,,
2002-05-07,48.0,,
2002-05-08,49.0,,
2002-05-09,51.0,,
2002-05-10,53.0,,
2002-05-11,44.0,,
2002-05-12,42.0,,
2002-05-13,40.0,,
2002-05-14,38.0,,
2002-05-15,36.0,,
2002-05-16,35.0,,
2002-05-17,35.0,,
2002-05-18,35.0,,
2002-05-19,40.0,,
2002-05-20,49.0,,
2002-05-21,48.0,,
2002-05-22,46.0,,
2002-05-23,44.0,,
2002-05-24,40.0,,
2002-05-25,38.0,,
2002-05-26,36.0,,
2002-05-27,35.0,,
2002-05-28,35.0,,
2002-05-29,35.0,,
2002-05-30,37.0,,
2002-05-31,42.0,,
2002-06-01,53.0,,
2002-06-02,56.0,,
2002-06-03,55.0,,
2002-06-04,47.0,,
2002-06-05,42.0,,
2002-06-06,40.0,,
2002-06-07,41.0,,
2002-06-08,56.0,,
2002-06-09,73.0,,
2002-06-10,66.0,,
2002-06-11,57.0,,
2002-06-12,62.0,,
2002-06-13,70.0,,
2002-06-14,67.0,,
2002-06-15,68.0,,
2002-06-16,75.0,,
2002-06-17,70.0,,
2002-06-18,94.0,,
2002-06-19,122,,
2002-06-20,116,,
2002-06-21,134,,
2002-06-22,203,,
2002-06-23,432,,
2002-06-24,674,,
2002-06-25,702,,
2002-06-26,725,6.78,
2002-06-27,752,6.94,
2002-06-28,821,7.31,
2002-06-29,749,6.92,
2002-06-30,725,6.78,
2002-07-01,842,7.41,
2002-07-02,930,7.85,
2002-07-03,1050,8.46,
2002-07-04,1140,8.92,
2002-07-05,1270,9.45,
2002-07-06,1350,9.73,
2002-07-07,1400,9.93,
2002-07-08,1310,9.60,
2002-07-09,1180,9.11,
2002-07-10,1110,8.74,
2002-07-11,1020,8.31,
2002-07-12,932,7.88,
2002-07-13,924,7.87,
2002-07-14,1140,8.91,
2002-07-15,1160,8.98,
2002-07-16,1100,8.68,
2002-07-17,984,8.23,
2002-07-18,825,7.66,
2002-07-19,681,7.13,
2002-07-20,570,6.67,
2002-07-21,524,6.49,
2002-07-22,719,7.32,
2002-07-23,1100,8.79,
2002-07-24,1280,9.51,
2002-07-25,1340,9.70,
2002-07-26,1220,9.27,
2002-07-27,1000,8.52,
2002-07-28,908,8.19,
2002-07-29,856,8.01,
2002-07-30,747,7.61,
2002-07-31,636,7.19,
2002-08-01,553,6.85,
2002-08-02,605,7.07,
2002-08-03,909,8.27,
2002-08-04,970,8.54,
2002-08-05,943,8.49,
2002-08-06,889,8.31,
2002-08-07,890,8.36,
2002-08-08,952,8.60,
2002-08-09,856,8.27,
2002-08-10,703,7.70,
2002-08-11,581,7.25,
2002-08-12,549,7.13,
2002-08-13,684,7.68,
2002-08-14,805,8.21,
2002-08-15,1010,8.98,
2002-08-16,1520,10.36,
2002-08-17,1730,10.79,
2002-08-18,1550,10.48,
2002-08-19,1410,10.19,
2002-08-20,1410,10.20,
2002-08-21,1670,10.72,
2002-08-22,1590,10.60,
2002-08-23,1380,10.17,
2002-08-24,1160,9.62,
2002-08-25,980,9.08,
2002-08-26,837,8.55,
2002-08-27,715,8.10,
2002-08-28,698,8.01,
2002-08-29,956,8.89,
2002-08-30,1840,10.95,
2002-08-31,2640,12.19,
2002-09-01,2390,11.84,
2002-09-02,2000,11.25,
2002-09-03,1670,10.71,
2002-09-04,1470,10.32,
2002-09-05,2300,11.70,
2002-09-06,3000,12.69,
2002-09-07,2480,11.97,
2002-09-08,1880,11.06,
2002-09-09,1430,10.28,
2002-09-10,1160,9.59,
2002-09-11,952,8.94,
2002-09-12,789,8.32,
2002-09-13,701,7.97,
2002-09-14,690,7.89,
2002-09-15,644,7.67,
2002-09-16,562,7.32,
2002-09-17,502,7.02,
2002-09-18,552,7.17,
2002-09-19,543,7.08,
2002-09-20,520,6.96,
2002-09-21,580,7.19,
2002-09-22,530,6.93,
2002-09-23,488,6.71,
2002-09-24,643,7.35,
2002-09-25,812,8.03,
2002-09-26,738,7.75,
2002-09-27,624,7.27,
2002-09-28,544,6.89,
2002-09-29,496,6.64,
2002-09-30,451,,
2002-10-01,394,6.09,
2002-10-02,384,5.99,
2002-10-03,357,5.80,
2002-10-04,317,5.54,
2002-10-05,283,5.31,
2002-10-06,257,5.09,
2002-10-07,233,4.89,
2002-10-08,220,4.73,
2002-10-09,204,4.57,
2002-10-10,190,4.40,
2002-10-11,178,4.26,
2002-10-12,269,4.75,
2002-10-13,306,4.92,
2002-10-14,245,4.49,
2002-10-15,223,4.30,
2002-10-16,234,4.31,
2002-10-17,216,4.13,
2002-10-18,192,3.90,
2002-10-19,175,3.72,
2002-10-20,164,3.58,
2002-10-21,159,3.50,
2002-10-22,156,3.43,
2002-10-23,156,3.40,
2002-10-24,160,3.39,
2002-10-25,292,4.29,
2002-10-26,353,4.66,
2002-10-27,298,4.29,
2002-10-28,247,3.91,
2002-10-29,226,3.74,
2002-10-30,200,3.51,
2002-10-31,196,3.45,
2002-11-01,197,3.42,
2002-11-02,182,3.28,
2002-11-03,166,3.12,
2002-11-04,153,2.97,
2002-11-05,145,2.87,
2002-11-06,158,2.97,
2002-11-07,173,3.08,
2002-11-08,154,2.88,
2002-11-09,138,2.71,
2002-11-10,127,2.56,
2002-11-11,120,2.45,
2002-11-12,119,2.40,
2002-11-13,122,2.41,
2002-11-14,138,2.56,
2002-11-15,142,2.59,
2002-11-16,139,2.53,
2002-11-17,218,3.28,
2002-11-18,333,4.22,
2002-11-19,344,4.30,
2002-11-20,316,4.09,
2002-11-21,277,3.76,
2002-11-22,248,3.51,
2002-11-23,226,3.33,
2002-11-24,201,3.10,
2002-11-25,181,2.91,
2002-11-26,170,2.81,
2002-11-27,157,2.68,
2002-11-28,148,2.59,
2002-11-29,140,2.50,
2002-11-30,132,2.40,
2002-12-01,123,2.29,
2002-12-02,120,2.26,
2002-12-03,113,2.18,
2002-12-04,108,2.12,
2002-12-05,107,2.11,
2002-12-06,118,2.26,
2002-12-07,144,2.58,
2002-12-08,150,2.66,
2002-12-09,163,2.80,
2002-12-10,404,4.75,
2002-12-11,633,6.24,
2002-12-12,767,7.00,
2002-12-13,1120,8.72,
2002-12-14,1520,10.30,
2002-12-15,1810,10.93,
2002-12-16,1720,10.77,
2002-12-17,1420,9.98,
2002-12-18,1160,9.01,
2002-12-19,970,8.07,
2002-12-20,857,7.50,
2002-12-21,835,7.40,
2002-12-22,776,7.10,
2002-12-23,694,6.66,
2002-12-24,611,6.27,
2002-12-25,614,6.33,
2002-12-26,752,6.99,
2002-12-27,970,8.11,
2002-12-28,1070,8.61,
2002-12-29,982,8.18,
2002-12-30,837,7.45,
2002-12-31,710,6.87,
2003-01-01,1170,9.05,
2003-01-02,2360,11.72,
2003-01-03,3450,13.22,
2003-01-04,2820,12.45,
2003-01-05,2090,11.38,
2003-01-06,1590,10.50,
2003-01-07,1330,9.74,
2003-01-08,1140,9.09,
2003-01-09,988,8.54,
2003-01-10,859,8.06,
2003-01-11,758,7.66,
2003-01-12,682,7.34,
2003-01-13,615,7.03,
2003-01-14,554,6.74,
2003-01-15,503,6.48,
2003-01-16,462,6.27,
2003-01-17,434,6.08,
2003-01-18,405,5.89,
2003-01-19,373,5.69,
2003-01-20,343,5.50,
2003-01-21,318,5.31,
2003-01-22,302,5.17,
2003-01-23,288,5.02,
2003-01-24,275,4.86,
2003-01-25,255,4.73,
2003-01-26,237,4.58,
2003-01-27,221,4.43,
2003-01-28,211,4.31,
2003-01-29,208,4.24,
2003-01-30,201,4.15,
2003-01-31,200,4.09,
2003-02-01,193,3.99,
2003-02-02,186,3.90,
2003-02-03,179,3.79,
2003-02-04,173,3.71,
2003-02-05,172,3.66,
2003-02-06,164,3.56,
2003-02-07,156,3.47,
2003-02-08,152,3.39,
2003-02-09,152,3.36,
2003-02-10,172,3.50,
2003-02-11,183,3.56,
2003-02-12,170,3.44,
2003-02-13,155,3.28,
2003-02-14,150,3.20,
2003-02-15,140,3.08,
2003-02-16,136,3.02,
2003-02-17,143,3.06,
2003-02-18,148,3.08,
2003-02-19,139,2.98,
2003-02-20,135,2.91,
2003-02-21,144,2.98,
2003-02-22,149,3.02,
2003-02-23,203,3.47,
2003-02-24,251,3.83,
2003-02-25,237,3.73,
2003-02-26,214,3.54,
2003-02-27,189,3.33,
2003-02-28,171,3.17,
2003-03-01,170,3.15,
2003-03-02,192,3.34,
2003-03-03,201,3.43,
2003-03-04,235,3.72,
2003-03-05,267,3.99,
2003-03-06,252,3.86,
2003-03-07,223,3.64,
2003-03-08,194,3.43,
2003-03-09,190,3.41,
2003-03-10,241,3.85,
2003-03-11,259,3.99,
2003-03-12,250,3.93,
2003-03-13,230,,
2003-03-14,210,,
2003-03-15,230,,
2003-03-16,275,4.08,
2003-03-17,350,4.63,
2003-03-18,451,5.33,
2003-03-19,526,5.81,
2003-03-20,546,5.93,
2003-03-21,514,5.72,
2003-03-22,525,5.79,
2003-03-23,582,6.13,
2003-03-24,789,7.30,
2003-03-25,945,8.09,
2003-03-26,1060,8.65,
2003-03-27,996,8.33,
2003-03-28,856,7.62,
2003-03-29,749,7.06,
2003-03-30,657,6.54,
2003-03-31,569,6.01,
2003-04-01,491,5.52,
2003-04-02,420,5.12,
2003-04-03,369,4.79,
2003-04-04,330,4.52,
2003-04-05,295,4.28,
2003-04-06,269,4.06,
2003-04-07,244,3.85,
2003-04-08,223,3.66,
2003-04-09,209,3.52,
2003-04-10,203,3.45,
2003-04-11,205,3.43,
2003-04-12,210,3.43,
2003-04-13,204,3.36,
2003-04-14,189,3.22,
2003-04-15,171,3.03,
2003-04-16,160,2.89,
2003-04-17,151,2.78,
2003-04-18,144,2.68,
2003-04-19,136,2.55,
2003-04-20,131,2.48,
2003-04-21,126,2.40,
2003-04-22,119,2.31,
2003-04-23,114,2.25,
2003-04-24,107,2.14,
2003-04-25,103,2.08,
2003-04-26,127,2.39,
2003-04-27,185,3.02,
2003-04-28,187,3.03,
2003-04-29,161,2.76,
2003-04-30,151,2.65,
2003-05-01,238,3.45,
2003-05-02,322,4.14,
2003-05-03,348,4.33,
2003-05-04,324,4.15,
2003-05-05,288,3.86,
2003-05-06,251,3.54,
2003-05-07,200,3.10,
2003-05-08,167,2.77,
2003-05-09,143,2.51,
2003-05-10,125,2.29,
2003-05-11,111,2.11,
2003-05-12,98.7,1.92,
2003-05-13,90.6,1.78,
2003-05-14,84.9,1.67,
2003-05-15,79.4,1.56,
2003-05-16,74.1,1.45,
2003-05-17,70.2,1.37,
2003-05-18,73.7,1.43,
2003-05-19,77.5,1.51,
2003-05-20,82.0,1.60,
2003-05-21,81.9,1.60,
2003-05-22,77.3,1.51,
2003-05-23,110,2.03,
2003-05-24,230,3.32,
2003-05-25,352,4.29,
2003-05-26,495,5.29,
2003-05-27,451,5.00,
2003-05-28,337,4.18,
2003-05-29,251,3.49,
2003-05-30,198,3.03,
2003-05-31,164,2.70,
2003-06-01,140,2.43,
2003-06-02,120,2.19,
2003-06-03,109,2.05,
2003-06-04,113,2.09,
2003-06-05,151,2.55,
2003-06-06,194,2.99,
2003-06-07,234,3.33,
2003-06-08,254,3.50,
2003-06-09,280,3.71,
2003-06-10,264,3.58,
2003-06-11,223,3.24,
2003-06-12,225,3.25,
2003-06-13,238,3.36,
2003-06-14,186,2.90,
2003-06-15,154,2.58,
2003-06-16,133,2.33,
2003-06-17,127,2.24,
2003-06-18,127,2.24,
2003-06-19,119,2.14,
2003-06-20,132,2.31,
2003-06-21,227,3.24,
2003-06-22,382,4.45,
2003-06-23,628,6.05,
2003-06-24,870,7.37,
2003-06-25,859,7.32,
2003-06-26,694,6.43,
2003-06-27,499,5.26,
2003-06-28,363,4.33,
2003-06-29,306,3.90,
2003-06-30,302,3.86,
2003-07-01,332,4.09,
2003-07-02,411,4.66,
2003-07-03,441,4.88,
2003-07-04,440,4.87,
2003-07-05,470,5.07,
2003-07-06,443,4.88,
2003-07-07,371,4.36,
2003-07-08,311,3.92,
2003-07-09,260,,
2003-07-10,220,,
2003-07-11,180,,
2003-07-12,162,,
2003-07-13,167,2.70,
2003-07-14,195,2.97,
2003-07-15,268,3.61,
2003-07-16,348,4.24,
2003-07-17,368,4.39,
2003-07-18,339,4.19,
2003-07-19,316,4.01,
2003-07-20,515,5.40,
2003-07-21,492,5.27,
2003-07-22,426,4.83,
2003-07-23,367,4.42,
2003-07-24,310,3.99,
2003-07-25,272,3.69,
2003-07-26,268,3.66,
2003-07-27,316,4.07,
2003-07-28,307,4.00,
2003-07-29,287,3.83,
2003-07-30,367,4.44,
2003-07-31,633,6.17,
2003-08-01,1140,8.75,
2003-08-02,1700,10.70,
2003-08-03,1710,10.73,
2003-08-04,1480,10.17,
2003-08-05,1510,10.25,
2003-08-06,1670,10.68,
2003-08-07,1830,10.96,
2003-08-08,2330,11.75,
2003-08-09,2840,12.48,
2003-08-10,2800,12.43,
2003-08-11,2310,11.74,
2003-08-12,1980,11.22,
2003-08-13,1620,10.55,
2003-08-14,1440,10.06,
2003-08-15,1260,9.41,
2003-08-16,1130,8.87,
2003-08-17,1050,8.47,
2003-08-18,1040,8.39,
2003-08-19,989,8.17,
2003-08-20,938,7.95,
2003-08-21,913,7.86,
2003-08-22,952,8.01,
2003-08-23,991,8.19,
2003-08-24,1050,8.51,
2003-08-25,1200,9.21,
2003-08-26,1310,9.63,
2003-08-27,1300,9.61,
2003-08-28,1220,9.35,
2003-08-29,1140,8.98,
2003-08-30,1020,8.40,
2003-08-31,879,7.86,
2003-09-01,747,7.35,
2003-09-02,629,6.86,
2003-09-03,534,6.42,
2003-09-04,487,6.20,
2003-09-05,585,6.64,
2003-09-06,819,7.60,
2003-09-07,853,7.75,
2003-09-08,795,7.54,
2003-09-09,693,7.14,
2003-09-10,581,6.66,
2003-09-11,482,6.21,
2003-09-12,409,5.84,
2003-09-13,356,5.55,
2003-09-14,309,5.28,
2003-09-15,272,5.05,
2003-09-16,247,4.88,
2003-09-17,238,4.83,
2003-09-18,261,4.96,
2003-09-19,254,4.91,
2003-09-20,237,4.81,
2003-09-21,241,4.82,
2003-09-22,240,4.80,
2003-09-23,221,4.67,
2003-09-24,202,4.54,
2003-09-25,190,4.46,
2003-09-26,234,4.73,
2003-09-27,392,5.62,
2003-09-28,507,6.23,
2003-09-29,552,6.45,
2003-09-30,520,6.32,
2003-10-01,490,6.19,
2003-10-02,472,6.10,
2003-10-03,468,6.08,
2003-10-04,443,5.95,
2003-10-05,407,5.76,
2003-10-06,373,5.58,
2003-10-07,377,5.58,
2003-10-08,565,6.52,
2003-10-09,647,6.88,
2003-10-10,614,6.73,
2003-10-11,524,6.33,
2003-10-12,591,6.64,
2003-10-13,625,6.79,
2003-10-14,536,6.39,
2003-10-15,449,5.95,
2003-10-16,381,5.59,
2003-10-17,331,5.30,
2003-10-18,302,5.11,
2003-10-19,275,4.93,
2003-10-20,251,4.76,
2003-10-21,228,4.59,
2003-10-22,212,4.45,
2003-10-23,196,4.31,
2003-10-24,182,4.17,
2003-10-25,171,4.05,
2003-10-26,161,3.93,
2003-10-27,149,3.80,
2003-10-28,140,3.68,
2003-10-29,136,3.60,
2003-10-30,148,3.64,
2003-10-31,142,3.55,
2003-11-01,132,3.41,
2003-11-02,124,3.29,
2003-11-03,120,3.23,
2003-11-04,118,3.18,
2003-11-05,119,3.15,
2003-11-06,125,3.18,
2003-11-07,253,4.13,
2003-11-08,598,6.13,
2003-11-09,822,7.33,
2003-11-10,818,7.29,
2003-11-11,680,6.51,
2003-11-12,562,5.82,
2003-11-13,464,5.29,
2003-11-14,381,4.81,
2003-11-15,315,4.39,
2003-11-16,267,4.05,
2003-11-17,232,3.78,
2003-11-18,211,3.59,
2003-11-19,195,3.44,
2003-11-20,196,3.42,
2003-11-21,199,3.41,
2003-11-22,189,3.30,
2003-11-23,177,3.17,
2003-11-24,165,3.04,
2003-11-25,156,2.93,
2003-11-26,150,2.84,
2003-11-27,145,2.77,
2003-11-28,137,2.66,
2003-11-29,129,2.55,
2003-11-30,121,2.44,
2003-12-01,117,2.38,
2003-12-02,112,2.30,
2003-12-03,108,2.24,
2003-12-04,108,2.21,
2003-12-05,106,2.18,
2003-12-06,104,2.13,
2003-12-07,101,2.09,
2003-12-08,98.1,2.05,
2003-12-09,96.9,2.03,
2003-12-10,97.6,2.05,
2003-12-11,98.5,2.06,
2003-12-12,98.4,2.06,
2003-12-13,94.8,2.00,
2003-12-14,106,2.15,
2003-12-15,196,3.08,
2003-12-16,271,3.75,
2003-12-17,254,3.61,
2003-12-18,225,3.35,
2003-12-19,195,3.08,
2003-12-20,171,2.85,
2003-12-21,150,2.64,
2003-12-22,137,2.51,
2003-12-23,131,2.44,
2003-12-24,126,2.38,
2003-12-25,122,2.33,
2003-12-26,118,2.29,
2003-12-27,113,2.23,
2003-12-28,110,2.19,
2003-12-29,107,2.15,
2003-12-30,101,2.07,
2003-12-31,98.4,2.03,
2004-01-01,97.9,2.02,
2004-01-02,96.0,1.99,
2004-01-03,93.7,1.96,
2004-01-04,90.7,1.90,
2004-01-05,89.2,1.88,
2004-01-06,88.6,1.87,
2004-01-07,88.6,1.86,
2004-01-08,86.3,1.82,
2004-01-09,84.9,1.80,
2004-01-10,83.6,1.77,
2004-01-11,83.9,1.77,
2004-01-12,83.3,1.76,
2004-01-13,84.7,1.78,
2004-01-14,82.9,1.75,
2004-01-15,81.9,1.73,
2004-01-16,80.2,1.70,
2004-01-17,77.8,1.65,
2004-01-18,83.2,1.74,
2004-01-19,143,2.48,
2004-01-20,194,3.00,
2004-01-21,187,2.92,
2004-01-22,167,2.72,
2004-01-23,145,2.50,
2004-01-24,127,2.31,
2004-01-25,114,2.16,
2004-01-26,103,2.03,
2004-01-27,109,2.09,
2004-01-28,163,2.66,
2004-01-29,194,2.96,
2004-01-30,186,2.89,
2004-01-31,172,2.75,
2004-02-01,218,3.17,
2004-02-02,327,4.07,
2004-02-03,392,4.55,
2004-02-04,431,4.82,
2004-02-05,408,4.66,
2004-02-06,349,4.23,
2004-02-07,297,3.83,
2004-02-08,264,3.55,
2004-02-09,232,3.27,
2004-02-10,206,3.04,
2004-02-11,188,2.87,
2004-02-12,175,2.74,
2004-02-13,163,2.62,
2004-02-14,156,2.55,
2004-02-15,155,2.55,
2004-02-16,159,2.58,
2004-02-17,149,2.48,
2004-02-18,141,2.40,
2004-02-19,133,2.32,
2004-02-20,127,2.25,
2004-02-21,120,2.17,
2004-02-22,115,2.11,
2004-02-23,108,2.04,
2004-02-24,110,2.06,
2004-02-25,293,3.72,
2004-02-26,674,6.30,
2004-02-27,1250,9.19,
2004-02-28,1430,9.90,
2004-02-29,1210,9.07,
2004-03-01,957,7.86,
2004-03-02,722,6.60,
2004-03-03,561,5.64,
2004-03-04,461,5.00,
2004-03-05,395,4.54,
2004-03-06,345,4.18,
2004-03-07,304,3.86,
2004-03-08,271,3.60,
2004-03-09,242,3.35,
2004-03-10,219,3.15,
2004-03-11,198,2.96,
2004-03-12,181,2.80,
2004-03-13,167,2.67,
2004-03-14,156,2.55,
2004-03-15,146,2.46,
2004-03-16,145,2.44,
2004-03-17,162,2.61,
2004-03-18,188,2.87,
2004-03-19,196,2.95,
2004-03-20,184,2.83,
2004-03-21,161,2.61,
2004-03-22,144,2.43,
2004-03-23,131,2.30,
2004-03-24,122,2.19,
2004-03-25,113,2.10,
2004-03-26,107,2.03,
2004-03-27,103,1.97,
2004-03-28,99.0,1.91,
2004-03-29,97.4,1.89,
2004-03-30,95.4,1.86,
2004-03-31,88.3,1.75,
2004-04-01,83.4,1.67,
2004-04-02,80.8,1.63,
2004-04-03,76.3,1.54,
2004-04-04,76.0,1.54,
2004-04-05,72.0,1.47,
2004-04-06,68.0,,
2004-04-07,63.0,,
2004-04-08,59.0,,
2004-04-09,57.0,,
2004-04-10,63.0,,
2004-04-11,64.0,1.30,
2004-04-12,68.3,1.38,
2004-04-13,91.5,1.79,
2004-04-14,121,2.19,
2004-04-15,125,2.23,
2004-04-16,108,2.04,
2004-04-17,89.7,1.78,
2004-04-18,78.4,1.58,
2004-04-19,72.2,1.46,
2004-04-20,66.2,1.34,
2004-04-21,63.8,1.29,
2004-04-22,61.1,1.23,
2004-04-23,59.2,1.18,
2004-04-24,57.9,1.15,
2004-04-25,55.2,1.08,
2004-04-26,55.3,1.09,
2004-04-27,55.2,1.08,
2004-04-28,54.8,1.07,
2004-04-29,57.5,1.14,
2004-04-30,61.2,1.22,
2004-05-01,86.7,1.73,
2004-05-02,95.3,1.86,
2004-05-03,103,1.97,
2004-05-04,151,2.50,
2004-05-05,306,3.86,
2004-05-06,416,4.69,
2004-05-07,338,4.12,
2004-05-08,220,3.16,
2004-05-09,146,2.45,
2004-05-10,109,2.04,
2004-05-11,89.9,1.78,
2004-05-12,80.1,1.61,
2004-05-13,72.2,1.46,
2004-05-14,66.4,1.35,
2004-05-15,63.3,1.28,
2004-05-16,59.6,1.19,
2004-05-17,56.6,1.12,
2004-05-18,53.6,1.04,
2004-05-19,52.1,1.00,
2004-05-20,51.1,0.98,
2004-05-21,49.5,0.94,
2004-05-22,48.0,0.90,
2004-05-23,46.8,0.87,
2004-05-24,44.8,0.82,
2004-05-25,43.6,0.79,
2004-05-26,42.9,0.77,
2004-05-27,41.0,0.73,
2004-05-28,40.4,0.71,
2004-05-29,39.5,0.69,
2004-05-30,38.6,0.67,
2004-05-31,37.7,0.64,
2004-06-01,36.9,0.63,
2004-06-02,37.3,0.64,
2004-06-03,37.7,0.65,
2004-06-04,38.2,0.66,
2004-06-05,43.8,0.80,
2004-06-06,60.2,1.20,
2004-06-07,135,2.31,
2004-06-08,209,3.06,
2004-06-09,213,3.10,
2004-06-10,184,2.83,
2004-06-11,160,2.60,
2004-06-12,169,2.69,
2004-06-13,163,2.63,
2004-06-14,143,2.42,
2004-06-15,119,2.16,
2004-06-16,118,2.14,
2004-06-17,143,2.42,
2004-06-18,134,2.32,
2004-06-19,114,2.11,
2004-06-20,145,2.44,
2004-06-21,245,3.37,
2004-06-22,323,4.01,
2004-06-23,306,3.88,
2004-06-24,204,3.01,
2004-06-25,136,2.34,
2004-06-26,125,2.23,
2004-06-27,170,2.69,
2004-06-28,147,2.46,
2004-06-29,141,2.40,
2004-06-30,154,2.54,
2004-07-01,145,2.44,
2004-07-02,138,2.37,
2004-07-03,232,3.25,
2004-07-04,492,5.18,
2004-07-05,775,6.90,
2004-07-06,988,8.01,
2004-07-07,1300,9.43,
2004-07-08,1340,9.58,
2004-07-09,1180,8.95,
2004-07-10,974,7.95,
2004-07-11,766,6.85,
2004-07-12,694,6.44,
2004-07-13,750,6.76,
2004-07-14,781,6.93,
2004-07-15,715,6.56,
2004-07-16,560,5.58,
2004-07-17,395,4.64,
2004-07-18,323,4.00,
2004-07-19,276,3.57,
2004-07-20,255,3.36,
2004-07-21,252,3.32,
2004-07-22,246,3.21,
2004-07-23,239,3.19,
2004-07-24,218,3.03,
2004-07-25,186,2.68,
2004-07-26,160,2.39,
2004-07-27,184,2.47,
2004-07-28,223,3.29,
2004-07-29,207,3.07,
2004-07-30,206,3.04,
2004-07-31,198,2.96,
2004-08-01,172,2.72,
2004-08-02,191,2.90,
2004-08-03,207,3.05,
2004-08-04,214,3.11,
2004-08-05,217,3.14,
2004-08-06,220,,
2004-08-07,256,,
2004-08-08,425,,
2004-08-09,586,5.79,
2004-08-10,894,7.53,
2004-08-11,1100,8.57,
2004-08-12,1080,8.46,
2004-08-13,887,7.54,
2004-08-14,813,7.22,
2004-08-15,1000,8.29,
2004-08-16,1550,10.44,
2004-08-17,2510,12.40,
2004-08-18,2750,12.79,
2004-08-19,2330,12.18,
2004-08-20,1840,11.33,
2004-08-21,1510,10.52,
2004-08-22,1310,9.90,
2004-08-23,1270,9.76,
2004-08-24,1360,10.07,
2004-08-25,1690,10.98,
2004-08-26,2470,12.40,
2004-08-27,2530,12.49,
2004-08-28,2310,12.15,
2004-08-29,2100,11.82,
2004-08-30,1830,11.33,
2004-08-31,1560,10.66,
2004-09-01,1460,10.39,
2004-09-02,1430,10.31,
2004-09-03,1310,9.90,
2004-09-04,1240,9.64,
2004-09-05,1560,10.60,
2004-09-06,2630,12.58,
2004-09-07,4890,15.12,
2004-09-08,5690,15.83,
2004-09-09,4820,15.06,
2004-09-10,3780,14.03,
2004-09-11,3000,13.12,
2004-09-12,2420,12.33,
2004-09-13,2010,11.79,
2004-09-14,1730,11.36,
2004-09-15,1500,10.92,
2004-09-16,1300,10.47,
2004-09-17,1150,10.11,
2004-09-18,1040,9.77,
2004-09-19,959,9.47,
2004-09-20,926,9.34,
2004-09-21,999,9.57,
2004-09-22,1110,9.87,
2004-09-23,1130,9.92,
2004-09-24,1050,9.65,
2004-09-25,951,9.27,
2004-09-26,1180,10.03,
2004-09-27,2300,12.14,
2004-09-28,4160,14.43,
2004-09-29,4060,14.33,
2004-09-30,3220,13.38,
2004-10-01,2470,12.49,
2004-10-02,1900,11.78,
2004-10-03,1540,11.22,
2004-10-04,1320,10.76,
2004-10-05,1160,10.40,
2004-10-06,1100,10.25,
2004-10-07,1050,,
2004-10-08,1010,,
2004-10-09,909,,
2004-10-10,819,,
2004-10-11,752,,
2004-10-12,722,,
2004-10-13,720,,
2004-10-14,724,,
2004-10-15,712,,
2004-10-16,688,,
2004-10-17,654,,
2004-10-18,612,,
2004-10-19,576,,
2004-10-20,598,,
2004-10-21,658,,
2004-10-22,877,,
2004-10-23,1060,,
2004-10-24,957,,
2004-10-25,773,,
2004-10-26,644,,
2004-10-27,558,,
2004-10-28,499,,
2004-10-29,458,,
2004-10-30,425,,
2004-10-31,390,,
2004-11-01,350,,
2004-11-02,304,6.97,
2004-11-03,285,6.85,
2004-11-04,270,6.74,
2004-11-05,256,6.61,
2004-11-06,250,6.51,
2004-11-07,238,6.40,
2004-11-08,223,6.28,
2004-11-09,213,6.17,
2004-11-10,215,6.10,
2004-11-11,207,6.00,
2004-11-12,205,5.93,
2004-11-13,207,5.86,
2004-11-14,216,5.84,
2004-11-15,236,5.84,
2004-11-16,240,5.78,
2004-11-17,228,5.65,
2004-11-18,212,5.51,
2004-11-19,196,5.38,
2004-11-20,186,5.25,
2004-11-21,175,5.13,
2004-11-22,164,5.00,
2004-11-23,158,4.89,
2004-11-24,152,4.79,
2004-11-25,155,4.72,
2004-11-26,187,4.81,
2004-11-27,194,4.79,
2004-11-28,185,4.69,
2004-11-29,185,4.63,
2004-11-30,186,4.57,
2004-12-01,179,4.45,
2004-12-02,168,4.32,
2004-12-03,156,4.17,
2004-12-04,144,4.01,
2004-12-05,137,3.90,
2004-12-06,131,3.80,
2004-12-07,125,3.69,
2004-12-08,120,3.59,
2004-12-09,118,3.52,
2004-12-10,117,3.45,
2004-12-11,120,3.41,
2004-12-12,127,3.41,
2004-12-13,121,3.32,
2004-12-14,114,3.20,
2004-12-15,111,3.12,
2004-12-16,108,3.05,
2004-12-17,103,2.96,
2004-12-18,101,2.89,
2004-12-19,98.6,2.83,
2004-12-20,95.0,2.75,
2004-12-21,91.9,2.67,
2004-12-22,91.5,2.63,
2004-12-23,90.9,2.59,
2004-12-24,91.7,2.57,
2004-12-25,98.3,2.63,
2004-12-26,167,3.30,
2004-12-27,268,4.08,
2004-12-28,284,4.19,
2004-12-29,269,4.07,
2004-12-30,241,3.85,
2004-12-31,208,3.59,
2005-01-01,186,3.40,
2005-01-02,170,3.27,
2005-01-03,158,3.15,
2005-01-04,148,3.05,
2005-01-05,142,2.97,
2005-01-06,137,,
2005-01-07,133,,
2005-01-08,128,,
2005-01-09,124,,
2005-01-10,119,2.66,
2005-01-11,114,2.60,
2005-01-12,110,2.56,
2005-01-13,108,2.53,
2005-01-14,149,2.94,
2005-01-15,366,4.72,
2005-01-16,569,6.02,
2005-01-17,684,6.63,
2005-01-18,691,6.64,
2005-01-19,614,6.19,
2005-01-20,520,5.61,
2005-01-21,446,5.12,
2005-01-22,390,4.73,
2005-01-23,347,4.41,
2005-01-24,313,4.15,
2005-01-25,285,3.93,
2005-01-26,261,3.74,
2005-01-27,244,3.60,
2005-01-28,233,3.50,
2005-01-29,222,3.40,
2005-01-30,211,3.30,
2005-01-31,200,3.21,
2005-02-01,189,3.12,
2005-02-02,180,3.04,
2005-02-03,177,3.01,
2005-02-04,177,3.01,
2005-02-05,174,2.98,
2005-02-06,168,2.92,
2005-02-07,158,2.84,
2005-02-08,154,2.79,
2005-02-09,149,2.74,
2005-02-10,145,2.70,
2005-02-11,140,2.64,
2005-02-12,133,2.57,
2005-02-13,126,2.49,
2005-02-14,119,2.40,
2005-02-15,112,2.33,
2005-02-16,109,2.28,
2005-02-17,109,2.26,
2005-02-18,106,2.23,
2005-02-19,103,2.19,
2005-02-20,97.6,2.11,
2005-02-21,92.7,2.04,
2005-02-22,91.7,2.03,
2005-02-23,89.9,2.00,
2005-02-24,94.7,2.07,
2005-02-25,109,2.26,
2005-02-26,109,2.26,
2005-02-27,128,2.47,
2005-02-28,252,3.65,
2005-03-01,331,4.29,
2005-03-02,296,4.02,
2005-03-03,245,3.60,
2005-03-04,208,3.27,
2005-03-05,187,3.08,
2005-03-06,171,2.92,
2005-03-07,155,2.76,
2005-03-08,141,2.62,
2005-03-09,143,2.64,
2005-03-10,163,2.85,
2005-03-11,182,3.03,
2005-03-12,176,2.98,
2005-03-13,157,2.79,
2005-03-14,136,2.57,
2005-03-15,125,2.45,
2005-03-16,122,2.42,
2005-03-17,162,2.83,
2005-03-18,362,4.51,
2005-03-19,507,5.52,
2005-03-20,565,5.89,
2005-03-21,575,5.95,
2005-03-22,526,5.64,
2005-03-23,489,5.41,
2005-03-24,541,5.74,
2005-03-25,632,6.30,
2005-03-26,833,7.43,
2005-03-27,874,7.65,
2005-03-28,872,7.64,
2005-03-29,861,7.58,
2005-03-30,842,7.48,
2005-03-31,770,7.09,
2005-04-01,669,6.52,
2005-04-02,572,5.93,
2005-04-03,496,5.46,
2005-04-04,427,5.06,
2005-04-05,370,4.72,
2005-04-06,335,4.48,
2005-04-07,316,4.35,
2005-04-08,320,4.38,
2005-04-09,321,4.37,
2005-04-10,294,4.19,
2005-04-11,266,3.99,
2005-04-12,240,3.78,
2005-04-13,218,3.60,
2005-04-14,196,3.42,
2005-04-15,173,3.21,
2005-04-16,156,3.05,
2005-04-17,140,2.88,
2005-04-18,127,2.74,
2005-04-19,116,2.62,
2005-04-20,107,2.51,
2005-04-21,101,2.42,
2005-04-22,97.3,2.37,
2005-04-23,92.2,2.30,
2005-04-24,85.7,2.21,
2005-04-25,81.1,2.13,
2005-04-26,76.3,2.04,
2005-04-27,74.7,2.00,
2005-04-28,77.3,2.01,
2005-04-29,78.1,1.99,
2005-04-30,72.8,1.88,
2005-05-01,82.0,2.02,
2005-05-02,105,2.28,
2005-05-03,103,2.24,
2005-05-04,98.2,2.18,
2005-05-05,134,,
2005-05-06,178,,
2005-05-07,183,,
2005-05-08,169,,
2005-05-09,166,2.89,
2005-05-10,136,2.60,
2005-05-11,118,2.42,
2005-05-12,114,2.38,
2005-05-13,110,2.32,
2005-05-14,104,2.25,
2005-05-15,97.3,2.16,
2005-05-16,90.9,2.06,
2005-05-17,84.6,1.95,
2005-05-18,79.5,1.84,
2005-05-19,75.9,1.76,
2005-05-20,72.2,1.68,
2005-05-21,67.7,1.59,
2005-05-22,65.3,1.54,
2005-05-23,64.5,1.52,
2005-05-24,63.5,1.50,
2005-05-25,61.8,1.46,
2005-05-26,59.0,1.40,
2005-05-27,56.5,1.33,
2005-05-28,54.9,1.29,
2005-05-29,56.9,1.34,
2005-05-30,55.5,1.31,
2005-05-31,56.2,1.33,
2005-06-01,95.4,2.05,
2005-06-02,164,2.88,
2005-06-03,201,3.26,
2005-06-04,294,4.06,
2005-06-05,488,5.48,
2005-06-06,602,6.22,
2005-06-07,622,6.36,
2005-06-08,584,6.15,
2005-06-09,511,5.69,
2005-06-10,444,5.27,
2005-06-11,408,5.03,
2005-06-12,464,5.43,
2005-06-13,667,6.72,
2005-06-14,780,7.37,
2005-06-15,795,7.47,
2005-06-16,895,8.02,
2005-06-17,1160,9.27,
2005-06-18,1750,11.08,
2005-06-19,2000,11.60,
2005-06-20,1740,11.11,
2005-06-21,1410,10.26,
2005-06-22,1190,9.48,
2005-06-23,1040,8.84,
2005-06-24,1020,8.73,
2005-06-25,1070,8.97,
2005-06-26,1160,9.40,
2005-06-27,1240,9.75,
2005-06-28,1210,9.67,
2005-06-29,1260,9.86,
2005-06-30,1310,10.05,
2005-07-01,1260,9.91,
2005-07-02,1240,9.82,
2005-07-03,1240,9.84,
2005-07-04,1200,9.68,
2005-07-05,1090,9.21,
2005-07-06,980,8.74,
2005-07-07,886,8.39,
2005-07-08,727,7.79,
2005-07-09,610,7.31,
2005-07-10,593,7.26,
2005-07-11,585,7.23,
2005-07-12,575,7.19,
2005-07-13,593,7.29,
2005-07-14,597,7.31,
2005-07-15,578,7.23,
2005-07-16,599,7.32,
2005-07-17,667,7.61,
2005-07-18,736,7.90,
2005-07-19,760,8.00,
2005-07-20,787,8.10,
2005-07-21,713,7.80,
2005-07-22,596,7.28,
2005-07-23,505,6.85,
2005-07-24,421,6.43,
2005-07-25,355,6.07,
2005-07-26,303,5.76,
2005-07-27,260,5.49,
2005-07-28,228,5.27,
2005-07-29,203,5.07,
2005-07-30,182,4.89,
2005-07-31,174,4.80,
2005-08-01,181,4.80,
2005-08-02,236,5.11,
2005-08-03,294,5.42,
2005-08-04,375,5.85,
2005-08-05,469,6.31,
2005-08-06,499,6.44,
2005-08-07,549,6.68,
2005-08-08,804,7.77,
2005-08-09,1060,8.84,
2005-08-10,1070,8.87,
2005-08-11,1080,8.92,
2005-08-12,1050,8.76,
2005-08-13,924,8.29,
2005-08-14,768,7.69,
2005-08-15,658,7.23,
2005-08-16,575,6.85,
2005-08-17,469,6.35,
2005-08-18,389,5.92,
2005-08-19,392,5.90,
2005-08-20,388,5.86,
2005-08-21,369,5.73,
2005-08-22,322,5.44,
2005-08-23,269,5.10,
2005-08-24,228,4.80,
2005-08-25,205,4.61,
2005-08-26,201,4.52,
2005-08-27,189,4.38,
2005-08-28,176,4.22,
2005-08-29,171,4.13,
2005-08-30,164,4.03,
2005-08-31,164,4.00,
2005-09-01,183,4.07,
2005-09-02,232,4.33,
2005-09-03,289,4.65,
2005-09-04,267,4.47,
2005-09-05,228,4.18,
2005-09-06,197,3.94,
2005-09-07,204,4.00,
2005-09-08,256,4.38,
2005-09-09,293,4.64,
2005-09-10,302,4.72,
2005-09-11,276,4.57,
2005-09-12,240,4.38,
2005-09-13,208,4.18,
2005-09-14,180,4.01,
2005-09-15,163,3.88,
2005-09-16,144,3.74,
2005-09-17,127,3.60,
2005-09-18,113,3.49,
2005-09-19,104,3.39,
2005-09-20,101,3.33,
2005-09-21,158,3.68,
2005-09-22,279,4.45,
2005-09-23,287,4.50,
2005-09-24,292,4.52,
2005-09-25,351,4.85,
2005-09-26,317,4.64,
2005-09-27,253,4.24,
2005-09-28,229,4.12,
2005-09-29,300,4.56,
2005-09-30,330,4.75,
2005-10-01,302,4.58,
2005-10-02,276,4.41,
2005-10-03,259,4.30,
2005-10-04,253,4.25,
2005-10-05,286,4.47,
2005-10-06,418,5.25,
2005-10-07,656,6.47,
2005-10-08,850,7.36,
2005-10-09,999,8.07,
2005-10-10,1070,8.44,
2005-10-11,1040,8.31,
2005-10-12,900,7.82,
2005-10-13,808,7.61,
2005-10-14,681,7.21,
2005-10-15,588,6.88,
2005-10-16,565,6.80,
2005-10-17,538,6.69,
2005-10-18,467,6.39,
2005-10-19,391,6.05,
2005-10-20,334,5.77,
2005-10-21,295,5.55,
2005-10-22,285,5.48,
2005-10-23,370,5.86,
2005-10-24,998,8.36,
2005-10-25,2120,11.32,
2005-10-26,4100,13.97,
2005-10-27,4050,13.92,
2005-10-28,3130,12.87,
2005-10-29,2370,11.85,
2005-10-30,1820,11.07,
2005-10-31,1490,10.48,
2005-11-01,1260,10.00,
2005-11-02,1130,9.70,
2005-11-03,1050,9.46,
2005-11-04,992,9.30,
2005-11-05,943,9.15,
2005-11-06,879,8.93,
2005-11-07,808,8.67,
2005-11-08,741,8.42,
2005-11-09,677,8.18,
2005-11-10,620,7.96,
2005-11-11,568,7.76,
2005-11-12,517,7.56,
2005-11-13,471,7.36,
2005-11-14,435,7.20,
2005-11-15,408,7.07,
2005-11-16,384,6.95,
2005-11-17,362,6.83,
2005-11-18,342,6.71,
2005-11-19,320,6.61,
2005-11-20,300,6.53,
2005-11-21,284,6.43,
2005-11-22,266,6.29,
2005-11-23,249,6.22,
2005-11-24,229,6.11,
2005-11-25,212,6.03,
2005-11-26,207,5.95,
2005-11-27,191,5.87,
2005-11-28,187,5.79,
2005-11-29,196,5.75,
2005-11-30,215,5.70,
2005-12-01,209,5.63,
2005-12-02,202,5.53,
2005-12-03,190,5.44,
2005-12-04,179,5.35,
2005-12-05,171,5.26,
2005-12-06,166,5.17,
2005-12-07,165,5.12,
2005-12-08,193,5.20,
2005-12-09,276,5.53,
2005-12-10,375,5.90,
2005-12-11,453,6.23,
2005-12-12,506,6.44,
2005-12-13,485,6.33,
2005-12-14,421,6.06,
2005-12-15,380,5.81,
2005-12-16,344,5.61,
2005-12-17,317,5.44,
2005-12-18,294,5.30,
2005-12-19,283,5.19,
2005-12-20,273,5.10,
2005-12-21,258,4.98,
2005-12-22,246,4.87,
2005-12-23,234,4.76,
2005-12-24,222,4.66,
2005-12-25,212,4.55,
2005-12-26,204,4.44,
2005-12-27,197,4.36,
2005-12-28,189,4.26,
2005-12-29,180,4.15,
2005-12-30,174,4.06,
2005-12-31,165,3.95,
2006-01-01,162,3.87,
2006-01-02,158,3.79,
2006-01-03,153,3.70,
2006-01-04,152,3.65,
2006-01-05,147,3.56,
2006-01-06,141,3.44,
2006-01-07,137,3.36,
2006-01-08,134,3.28,
2006-01-09,130,3.19,
2006-01-10,125,3.11,
2006-01-11,120,3.03,
2006-01-12,117,2.96,
2006-01-13,115,2.91,
2006-01-14,124,2.93,
2006-01-15,138,3.01,
2006-01-16,124,2.85,
2006-01-17,115,2.73,
2006-01-18,112,2.66,
2006-01-19,115,2.65,
2006-01-20,112,2.60,
2006-01-21,110,2.55,
2006-01-22,109,2.50,
2006-01-23,106,2.44,
2006-01-24,106,2.40,
2006-01-25,104,2.36,
2006-01-26,101,2.30,
2006-01-27,98.6,2.25,
2006-01-28,94.2,2.17,
2006-01-29,91.1,2.11,
2006-01-30,94.4,2.13,
2006-01-31,103,2.21,
2006-02-01,120,2.38,
2006-02-02,119,2.35,
2006-02-03,121,2.37,
2006-02-04,174,2.91,
2006-02-05,249,3.60,
2006-02-06,263,3.72,
2006-02-07,261,3.71,
2006-02-08,242,3.55,
2006-02-09,212,3.29,
2006-02-10,185,3.04,
2006-02-11,161,2.82,
2006-02-12,147,2.68,
2006-02-13,140,2.61,
2006-02-14,132,2.53,
2006-02-15,127,2.47,
2006-02-16,121,2.41,
2006-02-17,115,2.35,
2006-02-18,108,2.28,
2006-02-19,106,2.25,
2006-02-20,100,2.18,
2006-02-21,97.2,2.14,
2006-02-22,98.1,2.15,
2006-02-23,98.5,2.16,
2006-02-24,93.7,2.09,
2006-02-25,90.0,2.03,
2006-02-26,92.4,2.07,
2006-02-27,98.8,2.16,
2006-02-28,102,2.21,
2006-03-01,97.0,,
2006-03-02,92.0,,
2006-03-03,89.0,,
2006-03-04,89.5,2.03,
2006-03-05,84.1,1.93,
2006-03-06,79.9,1.86,
2006-03-07,78.8,1.84,
2006-03-08,76.1,1.79,
2006-03-09,74.2,1.75,
2006-03-10,73.4,1.74,
2006-03-11,75.0,1.77,
2006-03-12,73.3,1.74,
2006-03-13,69.5,1.66,
2006-03-14,68.4,1.64,
2006-03-15,67.3,1.61,
2006-03-16,65.2,1.57,
2006-03-17,62.5,1.52,
2006-03-18,62.8,1.53,
2006-03-19,58.9,1.44,
2006-03-20,56.4,1.38,
2006-03-21,57.3,1.40,
2006-03-22,57.9,1.43,
2006-03-23,58.8,1.45,
2006-03-24,61.0,1.51,
2006-03-25,60.1,1.49,
2006-03-26,52.2,1.30,
2006-03-27,48.7,1.22,
2006-03-28,48.2,1.21,
2006-03-29,48.3,1.21,
2006-03-30,48.9,1.23,
2006-03-31,49.3,1.24,
2006-04-01,47.2,1.18,
2006-04-02,47.1,1.17,
2006-04-03,46.7,1.16,
2006-04-04,46.8,1.16,
2006-04-05,45.6,1.13,
2006-04-06,44.0,1.09,
2006-04-07,44.1,1.10,
2006-04-08,43.2,1.07,
2006-04-09,45.6,1.13,
2006-04-10,57.7,1.42,
2006-04-11,70.6,1.71,
2006-04-12,64.1,1.58,
2006-04-13,58.6,1.45,
2006-04-14,54.2,1.34,
2006-04-15,51.1,1.26,
2006-04-16,47.1,1.16,
2006-04-17,43.5,1.07,
2006-04-18,41.4,1.02,
2006-04-19,41.6,1.02,
2006-04-20,44.7,1.09,
2006-04-21,46.7,1.14,
2006-04-22,44.5,1.09,
2006-04-23,44.6,1.09,
2006-04-24,42.3,1.03,
2006-04-25,41.9,1.02,
2006-04-26,44.2,1.08,
2006-04-27,42.0,1.02,
2006-04-28,41.9,1.01,
2006-04-29,41.0,0.99,
2006-04-30,40.9,0.98,
2006-05-01,38.2,0.92,
2006-05-02,37.2,0.89,
2006-05-03,36.1,0.86,
2006-05-04,34.0,0.81,
2006-05-05,33.5,0.80,
2006-05-06,33.7,0.80,
2006-05-07,33.2,0.78,
2006-05-08,32.3,0.76,
2006-05-09,33.1,0.78,
2006-05-10,33.1,0.78,
2006-05-11,33.0,0.78,
2006-05-12,36.0,0.85,
2006-05-13,56.2,1.36,
2006-05-14,57.9,1.40,
2006-05-15,51.9,1.25,
2006-05-16,46.1,1.10,
2006-05-17,44.7,1.07,
2006-05-18,45.7,1.09,
2006-05-19,43.9,1.05,
2006-05-20,40.3,0.96,
2006-05-21,36.8,0.87,
2006-05-22,35.2,0.83,
2006-05-23,33.5,0.79,
2006-05-24,34.4,0.81,
2006-05-25,35.8,0.85,
2006-05-26,37.8,0.90,
2006-05-27,72.2,1.67,
2006-05-28,84.4,1.93,
2006-05-29,63.8,1.54,
2006-05-30,53.8,1.30,
2006-05-31,49.9,1.20,
2006-06-01,45.1,1.08,
2006-06-02,47.8,1.15,
2006-06-03,61.5,1.49,
2006-06-04,63.1,1.52,
2006-06-05,59.9,1.45,
2006-06-06,56.1,1.36,
2006-06-07,52.6,1.27,
2006-06-08,48.8,1.17,
2006-06-09,44.4,1.06,
2006-06-10,40.7,0.97,
2006-06-11,37.8,0.90,
2006-06-12,47.6,1.14,
2006-06-13,66.7,1.59,
2006-06-14,120,2.34,
2006-06-15,178,,
2006-06-16,145,,
2006-06-17,109,2.13,
2006-06-18,84.2,1.78,
2006-06-19,73.3,1.59,
2006-06-20,69.6,1.51,
2006-06-21,68.7,1.49,
2006-06-22,65.5,1.43,
2006-06-23,61.7,1.34,
2006-06-24,57.0,1.23,
2006-06-25,56.0,1.19,
2006-06-26,144,2.33,
2006-06-27,221,3.12,
2006-06-28,204,2.97,
2006-06-29,189,2.84,
2006-06-30,186,2.82,
2006-07-01,172,2.70,
2006-07-02,147,2.45,
2006-07-03,160,2.59,
2006-07-04,177,2.76,
2006-07-05,154,2.54,
2006-07-06,133,2.33,
2006-07-07,112,2.10,
2006-07-08,123,2.23,
2006-07-09,187,2.89,
2006-07-10,222,3.23,
2006-07-11,215,3.17,
2006-07-12,197,3.00,
2006-07-13,176,2.80,
2006-07-14,150,2.54,
2006-07-15,134,2.38,
2006-07-16,118,2.20,
2006-07-17,103,2.02,
2006-07-18,128,2.30,
2006-07-19,199,3.02,
2006-07-20,295,3.83,
2006-07-21,413,4.72,
2006-07-22,381,4.49,
2006-07-23,323,4.06,
2006-07-24,375,4.45,
2006-07-25,335,4.15,
2006-07-26,271,3.64,
2006-07-27,233,3.32,
2006-07-28,279,3.71,
2006-07-29,277,3.69,
2006-07-30,250,3.47,
2006-07-31,246,3.44,
2006-08-01,242,3.40,
2006-08-02,210,3.12,
2006-08-03,195,2.98,
2006-08-04,187,2.91,
2006-08-05,161,2.66,
2006-08-06,132,2.35,
2006-08-07,109,2.10,
2006-08-08,95.7,1.92,
2006-08-09,92.0,1.86,
2006-08-10,85.8,1.76,
2006-08-11,79.4,1.65,
2006-08-12,73.6,1.54,
2006-08-13,69.6,1.46,
2006-08-14,69.6,1.36,
2006-08-15,73.8,1.42,
2006-08-16,73.9,1.44,
2006-08-17,65.3,1.31,
2006-08-18,60.8,1.23,
2006-08-19,82.1,1.57,
2006-08-20,85.8,1.66,
2006-08-21,91.8,1.73,
2006-08-22,103,1.88,
2006-08-23,123,2.12,
2006-08-24,163,2.58,
2006-08-25,233,3.31,
2006-08-26,389,4.42,
2006-08-27,582,5.24,
2006-08-28,666,5.57,
2006-08-29,592,5.36,
2006-08-30,554,5.21,
2006-08-31,598,5.37,
2006-09-01,671,5.71,
2006-09-02,1130,6.79,
2006-09-03,1850,7.98,
2006-09-04,1640,8.18,
2006-09-05,1700,8.35,
2006-09-06,2260,8.67,
2006-09-07,2500,8.87,
2006-09-08,2440,8.79,
2006-09-09,2200,8.59,
2006-09-10,1980,,
2006-09-11,1540,,
2006-09-12,1230,,
2006-09-13,980,,
2006-09-14,720,,
2006-09-15,510,,
2006-09-16,467,5.39,
2006-09-17,430,5.13,
2006-09-18,396,4.92,
2006-09-19,361,4.71,
2006-09-20,339,4.56,
2006-09-21,356,4.66,
2006-09-22,354,4.63,
2006-09-23,344,4.56,
2006-09-24,318,4.37,
2006-09-25,280,4.10,
2006-09-26,251,3.91,
2006-09-27,287,4.20,
2006-09-28,310,4.34,
2006-09-29,283,4.15,
2006-09-30,258,3.96,
2006-10-01,233,3.74,
2006-10-02,203,3.47,
2006-10-03,180,3.24,
2006-10-04,163,3.06,
2006-10-05,150,2.91,
2006-10-06,139,2.76,
2006-10-07,131,2.65,
2006-10-08,140,2.77,
2006-10-09,220,3.55,
2006-10-10,239,3.74,
2006-10-11,214,3.52,
2006-10-12,181,3.21,
2006-10-13,155,2.95,
2006-10-14,136,2.73,
2006-10-15,124,2.57,
2006-10-16,116,2.45,
2006-10-17,109,2.34,
2006-10-18,102,2.24,
2006-10-19,97.2,2.16,
2006-10-20,93.0,2.08,
2006-10-21,91.7,2.04,
2006-10-22,90.1,1.99,
2006-10-23,88.9,1.95,
2006-10-24,88.1,1.90,
2006-10-25,85.4,1.84,
2006-10-26,83.1,1.79,
2006-10-27,81.2,1.74,
2006-10-28,80.0,1.72,
2006-10-29,80.6,1.71,
2006-10-30,82.9,1.73,
2006-10-31,82.8,1.72,
2006-11-01,82.0,1.71,
2006-11-02,91.1,1.86,
2006-11-03,116,2.23,
2006-11-04,128,2.40,
2006-11-05,133,2.47,
2006-11-06,119,2.28,
2006-11-07,107,2.10,
2006-11-08,105,2.07,
2006-11-09,114,2.20,
2006-11-10,107,2.11,
2006-11-11,104,2.06,
2006-11-12,101,2.01,
2006-11-13,95.7,1.93,
2006-11-14,92.7,1.89,
2006-11-15,90.3,1.85,
2006-11-16,87.2,1.80,
2006-11-17,85.9,1.78,
2006-11-18,85.9,1.78,
2006-11-19,85.9,1.78,
2006-11-20,85.2,1.77,
2006-11-21,82.3,1.72,
2006-11-22,78.1,1.65,
2006-11-23,72.3,1.54,
2006-11-24,71.1,1.52,
2006-11-25,69.8,1.50,
2006-11-26,68.0,1.46,
2006-11-27,66.4,1.44,
2006-11-28,66.0,1.43,
2006-11-29,66.2,1.43,
2006-11-30,79.0,1.66,
2006-12-01,110,,
2006-12-02,120,,
2006-12-03,110,,
2006-12-04,97.0,,
2006-12-05,93.0,,
2006-12-06,88.0,,
2006-12-07,77.4,1.63,
2006-12-08,75.8,1.61,
2006-12-09,70.1,1.50,
2006-12-10,67.1,1.45,
2006-12-11,64.9,1.41,
2006-12-12,64.2,1.39,
2006-12-13,64.0,1.39,
2006-12-14,65.0,1.40,
2006-12-15,111,2.06,
2006-12-16,210,3.22,
2006-12-17,209,3.20,
2006-12-18,193,3.02,
2006-12-19,169,2.75,
2006-12-20,148,2.49,
2006-12-21,134,2.31,
2006-12-22,122,2.15,
2006-12-23,133,2.28,
2006-12-24,208,3.11,
2006-12-25,263,3.63,
2006-12-26,340,4.28,
2006-12-27,410,4.80,
2006-12-28,404,4.74,
2006-12-29,374,4.51,
2006-12-30,334,4.18,
2006-12-31,286,3.76,
2007-01-01,249,3.41,
2007-01-02,226,3.18,
2007-01-03,215,3.07,
2007-01-04,215,3.08,
2007-01-05,229,3.22,
2007-01-06,226,3.19,
2007-01-07,214,3.07,
2007-01-08,201,2.93,
2007-01-09,188,2.78,
2007-01-10,175,2.63,
2007-01-11,164,2.50,
2007-01-12,157,2.42,
2007-01-13,150,2.34,
2007-01-14,144,2.26,
2007-01-15,136,2.16,
2007-01-16,132,2.11,
2007-01-17,130,2.08,
2007-01-18,125,2.01,
2007-01-19,122,1.97,
2007-01-20,118,1.91,
2007-01-21,116,1.88,
2007-01-22,112,1.83,
2007-01-23,114,1.85,
2007-01-24,136,2.14,
2007-01-25,150,2.30,
2007-01-26,174,2.58,
2007-01-27,193,2.77,
2007-01-28,196,2.79,
2007-01-29,195,2.78,
2007-01-30,181,2.62,
2007-01-31,168,2.49,
2007-02-01,161,2.40,
2007-02-02,158,2.37,
2007-02-03,177,2.58,
2007-02-04,200,2.85,
2007-02-05,205,2.91,
2007-02-06,199,2.84,
2007-02-07,183,2.67,
2007-02-08,168,2.49,
2007-02-09,159,2.39,
2007-02-10,150,2.29,
2007-02-11,140,2.16,
2007-02-12,133,2.06,
2007-02-13,127,1.99,
2007-02-14,131,2.05,
2007-02-15,153,2.33,
2007-02-16,154,2.34,
2007-02-17,151,2.31,
2007-02-18,142,2.20,
2007-02-19,135,2.11,
2007-02-20,126,1.99,
2007-02-21,118,1.89,
2007-02-22,110,1.76,
2007-02-23,105,1.70,
2007-02-24,102,1.66,
2007-02-25,97.2,1.59,
2007-02-26,95.2,1.56,
2007-02-27,94.8,1.55,
2007-02-28,94.1,1.55,
2007-03-01,97.1,1.59,
2007-03-02,98.1,1.61,
2007-03-03,98.0,1.61,
2007-03-04,97.4,1.60,
2007-03-05,96.3,1.59,
2007-03-06,93.6,1.55,
2007-03-07,90.2,1.50,
2007-03-08,87.6,1.45,
2007-03-09,85.8,1.43,
2007-03-10,83.5,1.40,
2007-03-11,80.2,1.34,
2007-03-12,78.7,1.32,
2007-03-13,76.3,1.27,
2007-03-14,73.4,1.23,
2007-03-15,73.0,1.23,
2007-03-16,78.4,1.32,
2007-03-17,86.0,1.45,
2007-03-18,95.0,1.60,
2007-03-19,94.2,1.59,
2007-03-20,93.0,1.57,
2007-03-21,86.9,1.47,
2007-03-22,79.7,1.35,
2007-03-23,75.4,1.28,
2007-03-24,71.5,1.22,
2007-03-25,68.2,1.16,
2007-03-26,66.2,1.12,
2007-03-27,65.2,1.10,
2007-03-28,64.6,1.10,
2007-03-29,64.8,1.10,
2007-03-30,64.4,1.10,
2007-03-31,63.8,1.09,
2007-04-01,63.0,1.07,
2007-04-02,62.2,1.07,
2007-04-03,62.0,,
2007-04-04,61.0,,
2007-04-05,60.0,,
2007-04-06,59.0,,
2007-04-07,58.0,,
2007-04-08,60.0,,
2007-04-09,59.0,,
2007-04-10,58.0,,
2007-04-11,59.0,,
2007-04-12,61.0,,
2007-04-13,62.0,,
2007-04-14,62.0,,
2007-04-15,64.5,1.13,
2007-04-16,72.2,1.28,
2007-04-17,83.1,1.47,
2007-04-18,81.1,1.44,
2007-04-19,76.1,1.35,
2007-04-20,69.3,1.23,
2007-04-21,64.4,1.15,
2007-04-22,61.9,1.10,
2007-04-23,60.9,1.08,
2007-04-24,61.0,,
2007-04-25,55.0,,
2007-04-26,50.0,,
2007-04-27,51.0,,
2007-04-28,49.0,,
2007-04-29,47.0,,
2007-04-30,45.0,,
2007-05-01,46.0,,
2007-05-02,44.0,,
2007-05-03,42.0,,
2007-05-04,41.0,,
2007-05-05,40.0,,
2007-05-06,42.0,,
2007-05-07,44.0,,
2007-05-08,54.0,,
2007-05-09,64.0,,
2007-05-10,54.0,,
2007-05-11,46.0,,
2007-05-12,40.0,,
2007-05-13,39.0,,
2007-05-14,37.0,,
2007-05-15,35.0,,
2007-05-16,34.0,,
2007-05-17,37.0,,
2007-05-18,46.0,,
2007-05-19,55.0,,
2007-05-20,64.0,,
2007-05-21,63.0,,
2007-05-22,54.0,,
2007-05-23,46.0,,
2007-05-24,40.0,,
2007-05-25,36.0,,
2007-05-26,35.0,,
2007-05-27,34.0,,
2007-05-28,32.0,,
2007-05-29,31.0,,
2007-05-30,30.0,0.43,
2007-05-31,30.0,,
2007-06-01,33.0,,
2007-06-02,48.0,,
2007-06-03,95.0,,
2007-06-04,92.0,,
2007-06-05,84.0,,
2007-06-06,77.0,,
2007-06-07,85.0,,
2007-06-08,97.0,,
2007-06-09,92.0,,
2007-06-10,82.0,,
2007-06-11,82.0,,
2007-06-12,115,,
2007-06-13,145,,
2007-06-14,225,,
2007-06-15,295,,
2007-06-16,293,,
2007-06-17,282,,
2007-06-18,245,,
2007-06-19,195,,
2007-06-20,155,,
2007-06-21,120,,
2007-06-22,95.0,,
2007-06-23,80.0,,
2007-06-24,72.0,,
2007-06-25,65.0,,
2007-06-26,62.0,,
2007-06-27,67.8,1.29,
2007-06-28,63.8,1.22,
2007-06-29,67.5,1.29,
2007-06-30,74.2,1.41,
2007-07-01,70.4,1.34,
2007-07-02,63.7,1.21,
2007-07-03,62.4,1.19,
2007-07-04,86.3,1.61,
2007-07-05,150,,
2007-07-06,250,,
2007-07-07,323,4.26,
2007-07-08,334,4.36,
2007-07-09,283,3.92,
2007-07-10,241,3.52,
2007-07-11,205,3.15,
2007-07-12,173,2.79,
2007-07-13,152,2.54,
2007-07-14,144,2.45,
2007-07-15,152,2.54,
2007-07-16,347,4.44,
2007-07-17,386,4.78,
2007-07-18,299,4.05,
2007-07-19,233,3.43,
2007-07-20,192,3.00,
2007-07-21,169,2.74,
2007-07-22,154,2.56,
2007-07-23,224,3.32,
2007-07-24,407,4.91,
2007-07-25,689,6.79,
2007-07-26,804,7.45,
2007-07-27,864,7.77,
2007-07-28,947,8.19,
2007-07-29,935,8.13,
2007-07-30,808,7.47,
2007-07-31,728,7.03,
2007-08-01,885,7.87,
2007-08-02,1250,9.42,
2007-08-03,1430,10.02,
2007-08-04,1570,10.39,
2007-08-05,1680,10.68,
2007-08-06,1470,10.13,
2007-08-07,1160,9.09,
2007-08-08,887,7.88,
2007-08-09,680,6.75,
2007-08-10,529,5.80,
2007-08-11,429,5.10,
2007-08-12,359,4.56,
2007-08-13,302,4.08,
2007-08-14,256,3.67,
2007-08-15,225,3.38,
2007-08-16,201,3.14,
2007-08-17,186,2.98,
2007-08-18,169,2.78,
2007-08-19,151,2.57,
2007-08-20,137,2.38,
2007-08-21,126,2.22,
2007-08-22,118,2.11,
2007-08-23,112,2.01,
2007-08-24,108,1.95,
2007-08-25,107,1.93,
2007-08-26,131,2.27,
2007-08-27,122,2.15,
2007-08-28,117,2.07,
2007-08-29,109,1.97,
2007-08-30,107,1.94,
2007-08-31,108,1.96,
2007-09-01,112,2.00,
2007-09-02,147,2.48,
2007-09-03,155,2.58,
2007-09-04,143,2.43,
2007-09-05,127,2.21,
2007-09-06,115,2.05,
2007-09-07,113,2.02,
2007-09-08,114,2.04,
2007-09-09,114,2.04,
2007-09-10,132,2.28,
2007-09-11,149,2.50,
2007-09-12,137,2.35,
2007-09-13,144,2.45,
2007-09-14,148,2.49,
2007-09-15,143,2.43,
2007-09-16,144,2.44,
2007-09-17,136,2.33,
2007-09-18,127,2.21,
2007-09-19,157,2.60,
2007-09-20,252,3.62,
2007-09-21,298,4.05,
2007-09-22,302,4.12,
2007-09-23,254,3.78,
2007-09-24,265,3.90,
2007-09-25,287,4.07,
2007-09-26,264,3.91,
2007-09-27,244,3.75,
2007-09-28,238,3.69,
2007-09-29,222,3.55,
2007-09-30,205,3.40,
2007-10-01,187,3.22,
2007-10-02,228,3.61,
2007-10-03,326,4.38,
2007-10-04,380,4.76,
2007-10-05,397,4.89,
2007-10-06,440,5.20,
2007-10-07,476,5.45,
2007-10-08,464,5.36,
2007-10-09,453,5.29,
2007-10-10,447,5.25,
2007-10-11,441,5.22,
2007-10-12,402,4.98,
2007-10-13,349,4.63,
2007-10-14,301,4.29,
2007-10-15,262,3.98,
2007-10-16,229,3.71,
2007-10-17,202,3.46,
2007-10-18,182,3.27,
2007-10-19,169,3.12,
2007-10-20,157,3.00,
2007-10-21,156,2.97,
2007-10-22,163,3.03,
2007-10-23,163,3.01,
2007-10-24,162,2.97,
2007-10-25,161,2.94,
2007-10-26,155,2.85,
2007-10-27,153,2.84,
2007-10-28,243,3.63,
2007-10-29,336,4.37,
2007-10-30,377,4.70,
2007-10-31,480,5.47,
2007-11-01,559,6.00,
2007-11-02,619,6.39,
2007-11-03,658,6.62,
2007-11-04,661,6.64,
2007-11-05,612,6.34,
2007-11-06,527,5.79,
2007-11-07,438,5.25,
2007-11-08,369,4.83,
2007-11-09,317,4.49,
2007-11-10,276,4.20,
2007-11-11,244,3.95,
2007-11-12,218,3.74,
2007-11-13,200,3.58,
2007-11-14,184,3.42,
2007-11-15,172,3.29,
2007-11-16,159,3.14,
2007-11-17,148,3.01,
2007-11-18,139,2.89,
2007-11-19,133,2.80,
2007-11-20,129,2.72,
2007-11-21,130,2.71,
2007-11-22,122,2.58,
2007-11-23,117,2.49,
2007-11-24,114,2.41,
2007-11-25,111,2.35,
2007-11-26,112,2.32,
2007-11-27,111,2.29,
2007-11-28,110,2.25,
2007-11-29,110,2.24,
2007-11-30,117,2.31,
2007-12-01,148,2.64,
2007-12-02,141,2.56,
2007-12-03,132,2.43,
2007-12-04,123,2.30,
2007-12-05,116,2.19,
2007-12-06,111,2.11,
2007-12-07,108,2.04,
2007-12-08,105,1.97,
2007-12-09,102,1.91,
2007-12-10,101,1.86,
2007-12-11,99.7,1.82,
2007-12-12,96.8,1.78,
2007-12-13,94.7,1.75,
2007-12-14,94.3,1.74,
2007-12-15,93.8,1.73,
2007-12-16,94.7,1.75,
2007-12-17,103,1.88,
2007-12-18,110,1.98,
2007-12-19,105,1.90,
2007-12-20,101,1.85,
2007-12-21,97.9,1.80,
2007-12-22,101,1.85,
2007-12-23,102,1.86,
2007-12-24,96.1,1.77,
2007-12-25,93.2,1.72,
2007-12-26,93.0,1.72,
2007-12-27,95.5,1.76,
2007-12-28,96.6,1.78,
2007-12-29,96.1,1.77,
2007-12-30,93.5,1.73,
2007-12-31,95.0,1.75,
2008-01-01,99.2,1.82,
2008-01-02,97.4,1.79,
2008-01-03,93.8,1.73,
2008-01-04,90.3,1.68,
2008-01-05,87.3,1.63,
2008-01-06,84.1,1.58,
2008-01-07,82.3,1.55,
2008-01-08,82.1,1.54,
2008-01-09,85.6,1.60,
2008-01-10,85.7,1.60,
2008-01-11,81.7,1.54,
2008-01-12,79.3,1.50,
2008-01-13,78.7,1.49,
2008-01-14,88.0,1.64,
2008-01-15,112,2.01,
2008-01-16,115,2.06,
2008-01-17,117,2.08,
2008-01-18,135,2.32,
2008-01-19,144,2.44,
2008-01-20,156,2.58,
2008-01-21,189,2.98,
2008-01-22,187,2.95,
2008-01-23,196,3.05,
2008-01-24,307,4.12,
2008-01-25,438,5.17,
2008-01-26,540,5.88,
2008-01-27,550,5.95,
2008-01-28,478,5.46,
2008-01-29,397,4.86,
2008-01-30,335,4.36,
2008-01-31,290,3.98,
2008-02-01,256,3.66,
2008-02-02,230,3.41,
2008-02-03,206,3.16,
2008-02-04,186,2.94,
2008-02-05,173,2.79,
2008-02-06,164,2.68,
2008-02-07,156,2.59,
2008-02-08,149,2.50,
2008-02-09,153,2.55,
2008-02-10,150,2.52,
2008-02-11,145,2.45,
2008-02-12,140,2.39,
2008-02-13,143,2.43,
2008-02-14,149,2.51,
2008-02-15,145,2.46,
2008-02-16,136,2.34,
2008-02-17,127,2.22,
2008-02-18,119,2.11,
2008-02-19,113,2.03,
2008-02-20,110,1.98,
2008-02-21,107,1.94,
2008-02-22,110,1.97,
2008-02-23,118,2.09,
2008-02-24,123,2.16,
2008-02-25,134,2.32,
2008-02-26,131,2.27,
2008-02-27,143,2.42,
2008-02-28,184,2.92,
2008-02-29,184,2.92,
2008-03-01,175,2.82,
2008-03-02,160,2.64,
2008-03-03,144,2.44,
2008-03-04,131,2.27,
2008-03-05,123,2.17,
2008-03-06,119,2.10,
2008-03-07,166,2.69,
2008-03-08,367,4.61,
2008-03-09,564,6.03,
2008-03-10,794,7.39,
2008-03-11,927,8.09,
2008-03-12,843,7.66,
2008-03-13,667,6.67,
2008-03-14,511,5.68,
2008-03-15,408,4.95,
2008-03-16,341,4.42,
2008-03-17,292,3.99,
2008-03-18,254,3.64,
2008-03-19,225,3.36,
2008-03-20,206,3.15,
2008-03-21,193,3.02,
2008-03-22,182,2.90,
2008-03-23,175,2.81,
2008-03-24,169,2.75,
2008-03-25,160,2.64,
2008-03-26,150,2.52,
2008-03-27,142,2.41,
2008-03-28,133,2.29,
2008-03-29,123,2.16,
2008-03-30,114,2.04,
2008-03-31,110,1.98,
2008-04-01,105,1.91,
2008-04-02,106,1.92,
2008-04-03,105,1.90,
2008-04-04,113,2.02,
2008-04-05,108,1.95,
2008-04-06,118,2.09,
2008-04-07,189,2.96,
2008-04-08,295,4.02,
2008-04-09,349,4.49,
2008-04-10,379,4.72,
2008-04-11,359,4.56,
2008-04-12,301,4.08,
2008-04-13,251,3.63,
2008-04-14,215,3.27,
2008-04-15,188,2.99,
2008-04-16,167,2.75,
2008-04-17,152,2.57,
2008-04-18,139,2.42,
2008-04-19,129,2.29,
2008-04-20,119,2.17,
2008-04-21,109,2.02,
2008-04-22,100,1.90,
2008-04-23,93.4,1.80,
2008-04-24,90.1,1.75,
2008-04-25,84.6,1.67,
2008-04-26,79.2,1.59,
2008-04-27,72.9,1.48,
2008-04-28,67.8,1.40,
2008-04-29,65.8,1.36,
2008-04-30,62.4,1.31,
2008-05-01,60.9,1.28,
2008-05-02,58.7,1.25,
2008-05-03,57.5,1.23,
2008-05-04,55.1,1.18,
2008-05-05,51.9,1.13,
2008-05-06,51.1,1.11,
2008-05-07,51.0,1.12,
2008-05-08,49.1,1.08,
2008-05-09,47.4,1.05,
2008-05-10,47.0,1.05,
2008-05-11,45.4,1.02,
2008-05-12,45.8,1.03,
2008-05-13,44.1,1.00,
2008-05-14,41.6,0.95,
2008-05-15,41.6,0.94,
2008-05-16,40.3,0.90,
2008-05-17,41.3,0.91,
2008-05-18,39.1,0.85,
2008-05-19,39.4,0.85,
2008-05-20,39.3,0.84,
2008-05-21,40.7,0.87,
2008-05-22,42.4,0.90,
2008-05-23,43.5,0.91,
2008-05-24,65.4,1.35,
2008-05-25,76.1,1.54,
2008-05-26,63.9,1.31,
2008-05-27,56.6,1.16,
2008-05-28,52.7,1.07,
2008-05-29,49.1,0.99,
2008-05-30,48.1,0.96,
2008-05-31,46.6,0.91,
2008-06-01,45.0,0.87,
2008-06-02,44.8,0.86,
2008-06-03,62.9,1.22,
2008-06-04,79.8,1.52,
2008-06-05,80.2,1.52,
2008-06-06,70.5,1.34,
2008-06-07,61.2,1.17,
2008-06-08,55.1,1.04,
2008-06-09,50.4,0.95,
2008-06-10,50.9,0.95,
2008-06-11,61.8,1.15,
2008-06-12,65.7,1.20,
2008-06-13,70.9,1.27,
2008-06-14,74.9,1.32,
2008-06-15,79.9,1.39,
2008-06-16,88.8,1.51,
2008-06-17,103,1.70,
2008-06-18,109,1.77,
2008-06-19,112,1.80,
2008-06-20,111,1.77,
2008-06-21,101,1.59,
2008-06-22,102,1.58,
2008-06-23,119,1.81,
2008-06-24,109,1.64,
2008-06-25,105,1.56,
2008-06-26,136,1.97,
2008-06-27,176,2.44,
2008-06-28,252,3.20,
2008-06-29,356,4.18,
2008-06-30,407,4.64,
2008-07-01,403,4.58,
2008-07-02,467,5.13,
2008-07-03,544,5.77,
2008-07-04,566,5.94,
2008-07-05,534,5.68,
2008-07-06,461,5.06,
2008-07-07,376,4.27,
2008-07-08,322,3.73,
2008-07-09,317,3.74,
2008-07-10,329,3.94,
2008-07-11,328,3.98,
2008-07-12,304,3.82,
2008-07-13,278,3.63,
2008-07-14,288,3.78,
2008-07-15,338,4.29,
2008-07-16,501,5.58,
2008-07-17,718,6.96,
2008-07-18,1050,8.64,
2008-07-19,1220,9.33,
2008-07-20,1170,9.17,
2008-07-21,1050,8.67,
2008-07-22,902,7.96,
2008-07-23,833,7.60,
2008-07-24,908,8.00,
2008-07-25,1070,8.77,
2008-07-26,1180,9.20,
2008-07-27,1170,9.17,
2008-07-28,1090,8.85,
2008-07-29,1060,8.73,
2008-07-30,1350,9.77,
2008-07-31,1460,10.11,
2008-08-01,1250,9.43,
2008-08-02,977,8.33,
2008-08-03,775,7.29,
2008-08-04,630,6.45,
2008-08-05,525,5.78,
2008-08-06,447,5.23,
2008-08-07,384,4.76,
2008-08-08,335,4.40,
2008-08-09,327,4.33,
2008-08-10,312,4.21,
2008-08-11,272,3.89,
2008-08-12,238,3.60,
2008-08-13,219,3.42,
2008-08-14,207,3.32,
2008-08-15,197,3.22,
2008-08-16,192,3.17,
2008-08-17,201,3.25,
2008-08-18,231,3.50,
2008-08-19,252,3.68,
2008-08-20,435,5.11,
2008-08-21,1770,10.45,
2008-08-22,6060,15.68,
2008-08-23,8500,17.40,
2008-08-24,7410,16.71,
2008-08-25,5670,15.44,
2008-08-26,4860,14.76,
2008-08-27,4820,14.72,
2008-08-28,4030,14.01,
2008-08-29,2930,13.01,
2008-08-30,2330,12.38,
2008-08-31,2220,12.25,
2008-09-01,1980,11.95,
2008-09-02,1820,11.72,
2008-09-03,1630,11.44,
2008-09-04,1360,10.99,
2008-09-05,1150,10.54,
2008-09-06,972,10.18,
2008-09-07,838,9.86,
2008-09-08,740,9.60,
2008-09-09,662,9.35,
2008-09-10,596,9.13,
2008-09-11,557,8.97,
2008-09-12,556,8.91,
2008-09-13,558,8.82,
2008-09-14,520,8.66,
2008-09-15,485,8.49,
2008-09-16,473,8.38,
2008-09-17,481,8.33,
2008-09-18,484,8.28,
2008-09-19,485,8.20,
2008-09-20,490,8.15,
2008-09-21,488,8.09,
2008-09-22,464,7.97,
2008-09-23,481,7.98,
2008-09-24,498,7.96,
2008-09-25,460,7.78,
2008-09-26,410,7.56,
2008-09-27,370,7.36,
2008-09-28,336,7.18,
2008-09-29,304,7.02,
2008-09-30,293,6.91,
2008-10-01,329,6.95,
2008-10-02,342,6.92,
2008-10-03,304,6.72,
2008-10-04,273,6.54,
2008-10-05,251,6.38,
2008-10-06,231,6.28,
2008-10-07,226,6.19,
2008-10-08,227,6.15,
2008-10-09,319,6.49,
2008-10-10,994,9.03,
2008-10-11,1360,10.00,
2008-10-12,1600,10.52,
2008-10-13,1520,10.35,
2008-10-14,1200,9.61,
2008-10-15,957,8.93,
2008-10-16,862,8.59,
2008-10-17,782,8.28,
2008-10-18,668,7.82,
2008-10-19,550,7.30,
2008-10-20,455,6.88,
2008-10-21,390,6.55,
2008-10-22,345,6.30,
2008-10-23,316,6.11,
2008-10-24,305,6.05,
2008-10-25,317,6.07,
2008-10-26,327,6.05,
2008-10-27,326,6.00,
2008-10-28,345,5.99,
2008-10-29,340,5.93,
2008-10-30,310,5.75,
2008-10-31,277,5.55,
2008-11-01,253,5.36,
2008-11-02,229,5.19,
2008-11-03,220,5.09,
2008-11-04,212,4.98,
2008-11-05,208,4.90,
2008-11-06,204,4.83,
2008-11-07,198,4.75,
2008-11-08,186,4.62,
2008-11-09,178,4.51,
2008-11-10,170,4.39,
2008-11-11,165,4.28,
2008-11-12,156,4.17,
2008-11-13,152,4.09,
2008-11-14,144,3.98,
2008-11-15,134,3.85,
2008-11-16,135,3.77,
2008-11-17,131,3.69,
2008-11-18,126,3.58,
2008-11-19,117,3.44,
2008-11-20,113,3.38,
2008-11-21,105,3.24,
2008-11-22,102,3.15,
2008-11-23,96.5,3.05,
2008-11-24,98.2,3.02,
2008-11-25,99.4,2.98,
2008-11-26,102,2.95,
2008-11-27,106,2.95,
2008-11-28,101,2.86,
2008-11-29,98.1,2.77,
2008-11-30,99.1,2.75,
2008-12-01,127,3.04,
2008-12-02,171,3.47,
2008-12-03,177,3.51,
2008-12-04,166,3.38,
2008-12-05,149,3.20,
2008-12-06,139,3.06,
2008-12-07,130,2.94,
2008-12-08,125,2.84,
2008-12-09,115,2.70,
2008-12-10,105,2.54,
2008-12-11,104,2.51,
2008-12-12,122,2.73,
2008-12-13,145,2.99,
2008-12-14,141,2.93,
2008-12-15,131,2.80,
2008-12-16,122,2.67,
2008-12-17,114,2.57,
2008-12-18,110,2.51,
2008-12-19,106,2.45,
2008-12-20,103,2.41,
2008-12-21,101,2.38,
2008-12-22,97.4,2.32,
2008-12-23,93.0,2.25,
2008-12-24,89.2,2.19,
2008-12-25,87.2,2.16,
2008-12-26,87.1,2.16,
2008-12-27,90.9,2.22,
2008-12-28,90.4,2.21,
2008-12-29,88.2,2.17,
2008-12-30,85.1,2.12,
2008-12-31,81.4,2.06,
2009-01-01,78.9,2.02,
2009-01-02,76.7,1.98,
2009-01-03,74.0,1.93,
2009-01-04,72.1,1.90,
2009-01-05,70.8,1.88,
2009-01-06,70.1,1.86,
2009-01-07,69.9,1.86,
2009-01-08,70.8,1.88,
2009-01-09,70.5,1.87,
2009-01-10,66.9,1.81,
2009-01-11,65.0,1.77,
2009-01-12,64.3,1.76,
2009-01-13,63.3,1.74,
2009-01-14,64.2,1.75,
2009-01-15,67.2,1.81,
2009-01-16,67.2,1.81,
2009-01-17,67.0,1.81,
2009-01-18,63.1,1.73,
2009-01-19,61.0,1.69,
2009-01-20,60.0,1.67,
2009-01-21,60.6,1.69,
2009-01-22,58.9,1.65,
2009-01-23,57.5,1.62,
2009-01-24,57.4,1.62,
2009-01-25,55.1,1.58,
2009-01-26,55.3,1.58,
2009-01-27,54.4,1.56,
2009-01-28,54.0,1.55,
2009-01-29,55.2,1.57,
2009-01-30,80.5,1.95,
2009-01-31,161,2.99,
2009-02-01,196,3.31,
2009-02-02,191,3.18,
2009-02-03,185,3.11,
2009-02-04,187,3.14,
2009-02-05,173,2.97,
2009-02-06,153,2.74,
2009-02-07,136,2.52,
2009-02-08,126,2.39,
2009-02-09,117,2.26,
2009-02-10,112,2.18,
2009-02-11,107,2.12,
2009-02-12,103,2.06,
2009-02-13,99.9,2.01,
2009-02-14,95.6,1.94,
2009-02-15,90.2,1.86,
2009-02-16,86.0,1.79,
2009-02-17,84.1,1.76,
2009-02-18,81.7,1.72,
2009-02-19,81.9,1.72,
2009-02-20,88.4,1.83,
2009-02-21,90.6,1.86,
2009-02-22,80.7,1.70,
2009-02-23,74.8,1.60,
2009-02-24,72.2,1.55,
2009-02-25,70.4,1.52,
2009-02-26,68.9,1.49,
2009-02-27,67.1,1.46,
2009-02-28,65.4,1.43,
2009-03-01,64.1,1.40,
2009-03-02,64.1,1.40,
2009-03-03,63.8,1.40,
2009-03-04,62.8,1.38,
2009-03-05,61.4,1.35,
2009-03-06,60.8,1.34,
2009-03-07,59.4,1.31,
2009-03-08,58.2,1.29,
2009-03-09,56.5,1.25,
2009-03-10,55.9,1.24,
2009-03-11,55.8,1.24,
2009-03-12,54.8,1.22,
2009-03-13,54.4,1.21,
2009-03-14,53.7,1.20,
2009-03-15,53.3,1.19,
2009-03-16,52.6,1.17,
2009-03-17,51.9,1.16,
2009-03-18,51.3,1.14,
2009-03-19,50.4,1.13,
2009-03-20,50.1,1.12,
2009-03-21,49.6,1.11,
2009-03-22,48.9,1.09,
2009-03-23,49.5,1.11,
2009-03-24,56.3,1.25,
2009-03-25,61.2,1.35,
2009-03-26,57.2,1.27,
2009-03-27,53.5,1.19,
2009-03-28,50.2,1.12,
2009-03-29,50.0,1.12,
2009-03-30,50.5,1.13,
2009-03-31,52.3,1.17,
2009-04-01,54.5,1.21,
2009-04-02,74.3,1.59,
2009-04-03,84.7,1.77,
2009-04-04,79.8,1.68,
2009-04-05,67.5,1.46,
2009-04-06,58.4,1.29,
2009-04-07,53.4,1.19,
2009-04-08,49.5,1.11,
2009-04-09,45.2,1.01,
2009-04-10,43.8,0.98,
2009-04-11,42.8,0.96,
2009-04-12,41.5,0.93,
2009-04-13,40.3,0.90,
2009-04-14,40.5,0.90,
2009-04-15,47.3,1.06,
2009-04-16,58.3,1.29,
2009-04-17,55.0,1.22,
2009-04-18,51.3,1.14,
2009-04-19,47.8,1.07,
2009-04-20,46.0,1.03,
2009-04-21,46.5,1.04,
2009-04-22,48.0,1.08,
2009-04-23,45.8,1.02,
2009-04-24,44.2,0.99,
2009-04-25,42.9,0.96,
2009-04-26,39.7,0.88,
2009-04-27,37.6,0.83,
2009-04-28,36.9,0.82,
2009-04-29,35.3,0.77,
2009-04-30,32.8,0.71,
2009-05-01,32.4,0.70,
2009-05-02,33.1,0.72,
2009-05-03,32.1,0.69,
2009-05-04,30.9,0.66,
2009-05-05,30.8,0.65,
2009-05-06,30.1,0.64,
2009-05-07,29.8,0.63,
2009-05-08,30.0,0.63,
2009-05-09,31.6,0.68,
2009-05-10,29.3,0.61,
2009-05-11,27.1,0.55,
2009-05-12,27.2,0.55,
2009-05-13,30.1,0.64,
2009-05-14,30.4,0.64,
2009-05-15,30.6,0.65,
2009-05-16,30.8,0.66,
2009-05-17,29.9,0.63,
2009-05-18,35.9,0.78,
2009-05-19,76.3,1.57,
2009-05-20,326,4.32,
2009-05-21,874,7.79,
2009-05-22,1440,10.02,
2009-05-23,1840,11.02,
2009-05-24,1940,11.23,
2009-05-25,1730,10.79,
2009-05-26,1450,10.07,
2009-05-27,1410,9.95,
2009-05-28,1410,9.97,
2009-05-29,1470,10.13,
2009-05-30,1460,10.11,
2009-05-31,1340,9.73,
2009-06-01,1140,9.05,
2009-06-02,948,8.19,
2009-06-03,770,7.26,
2009-06-04,636,6.50,
2009-06-05,707,6.91,
2009-06-06,833,7.61,
2009-06-07,783,7.34,
2009-06-08,681,6.76,
2009-06-09,662,6.64,
2009-06-10,681,6.76,
2009-06-11,703,6.88,
2009-06-12,668,6.68,
2009-06-13,582,6.16,
2009-06-14,487,5.60,
2009-06-15,400,5.09,
2009-06-16,346,4.72,
2009-06-17,359,4.76,
2009-06-18,447,5.38,
2009-06-19,484,5.54,
2009-06-20,560,6.01,
2009-06-21,507,5.66,
2009-06-22,411,5.04,
2009-06-23,324,4.45,
2009-06-24,270,4.04,
2009-06-25,291,4.15,
2009-06-26,321,4.33,
2009-06-27,323,4.33,
2009-06-28,308,4.20,
2009-06-29,260,3.81,
2009-06-30,258,3.79,
2009-07-01,303,4.13,
2009-07-02,373,4.68,
2009-07-03,366,4.62,
2009-07-04,327,4.30,
2009-07-05,287,3.95,
2009-07-06,274,3.83,
2009-07-07,243,3.54,
2009-07-08,221,3.34,
2009-07-09,216,3.28,
2009-07-10,253,3.62,
2009-07-11,410,4.96,
2009-07-12,491,5.54,
2009-07-13,722,6.99,
2009-07-14,711,6.93,
2009-07-15,724,7.00,
2009-07-16,1040,8.60,
2009-07-17,1160,9.13,
2009-07-18,1120,8.98,
2009-07-19,973,8.32,
2009-07-20,813,7.50,
2009-07-21,771,7.27,
2009-07-22,768,7.25,
2009-07-23,705,6.90,
2009-07-24,658,6.62,
2009-07-25,644,6.53,
2009-07-26,685,6.78,
2009-07-27,987,8.37,
2009-07-28,1100,8.89,
2009-07-29,976,8.33,
2009-07-30,827,7.57,
2009-07-31,690,6.80,
2009-08-01,595,6.24,
2009-08-02,641,6.52,
2009-08-03,657,6.62,
2009-08-04,612,6.34,
2009-08-05,569,6.07,
2009-08-06,820,7.52,
2009-08-07,1230,9.35,
2009-08-08,1340,9.74,
2009-08-09,1120,8.96,
2009-08-10,921,8.06,
2009-08-11,790,7.37,
2009-08-12,636,6.51,
2009-08-13,528,5.95,
2009-08-14,734,7.06,
2009-08-15,921,8.06,
2009-08-16,1010,8.49,
2009-08-17,958,8.25,
2009-08-18,813,7.50,
2009-08-19,647,6.61,
2009-08-20,518,5.98,
2009-08-21,439,5.55,
2009-08-22,501,5.87,
2009-08-23,777,7.30,
2009-08-24,941,8.16,
2009-08-25,1050,8.68,
2009-08-26,976,8.33,
2009-08-27,839,7.64,
2009-08-28,711,6.93,
2009-08-29,584,6.28,
2009-08-30,472,5.70,
2009-08-31,389,5.22,
2009-09-01,343,4.93,
2009-09-02,385,5.23,
2009-09-03,474,5.79,
2009-09-04,763,7.24,
2009-09-05,1050,8.66,
2009-09-06,1340,9.72,
2009-09-07,1490,10.19,
2009-09-08,1320,9.67,
2009-09-09,1110,8.93,
2009-09-10,903,7.99,
2009-09-11,680,7.05,
2009-09-12,519,6.32,
2009-09-13,434,5.88,
2009-09-14,392,5.65,
2009-09-15,372,5.52,
2009-09-16,345,5.35,
2009-09-17,317,5.17,
2009-09-18,289,4.97,
2009-09-19,261,4.77,
2009-09-20,235,4.58,
2009-09-21,212,4.40,
2009-09-22,229,4.49,
2009-09-23,238,4.53,
2009-09-24,221,4.40,
2009-09-25,203,4.26,
2009-09-26,194,4.18,
2009-09-27,192,4.15,
2009-09-28,241,4.46,
2009-09-29,300,4.83,
2009-09-30,316,4.92,
2009-10-01,282,4.69,
2009-10-02,240,4.39,
2009-10-03,206,4.12,
2009-10-04,181,3.92,
2009-10-05,163,3.76,
2009-10-06,153,3.65,
2009-10-07,153,3.62,
2009-10-08,147,3.53,
2009-10-09,140,3.44,
2009-10-10,133,3.33,
2009-10-11,155,3.46,
2009-10-12,309,4.58,
2009-10-13,416,5.23,
2009-10-14,383,5.03,
2009-10-15,312,4.55,
2009-10-16,276,4.28,
2009-10-17,264,4.15,
2009-10-18,222,3.79,
2009-10-19,191,3.49,
2009-10-20,167,3.26,
2009-10-21,150,3.08,
2009-10-22,138,2.93,
2009-10-23,129,2.80,
2009-10-24,123,2.69,
2009-10-25,117,2.59,
2009-10-26,111,2.49,
2009-10-27,108,2.41,
2009-10-28,104,2.32,
2009-10-29,103,2.26,
2009-10-30,101,2.19,
2009-10-31,98.1,2.13,
2009-11-01,96.1,2.07,
2009-11-02,94.1,2.01,
2009-11-03,93.7,1.97,
2009-11-04,92.2,1.92,
2009-11-05,89.8,1.87,
2009-11-06,88.0,1.81,
2009-11-07,85.1,1.74,
2009-11-08,83.2,1.68,
2009-11-09,82.0,1.64,
2009-11-10,81.5,1.61,
2009-11-11,88.0,1.70,
2009-11-12,91.1,1.74,
2009-11-13,89.1,1.71,
2009-11-14,85.0,1.64,
2009-11-15,81.9,1.58,
2009-11-16,79.9,1.53,
2009-11-17,78.6,1.50,
2009-11-18,77.8,1.47,
2009-11-19,76.9,1.45,
2009-11-20,75.8,1.44,
2009-11-21,74.5,1.41,
2009-11-22,75.2,1.43,
2009-11-23,75.9,1.44,
2009-11-24,74.1,1.41,
2009-11-25,74.3,1.41,
2009-11-26,88.3,1.64,
2009-11-27,106,1.93,
2009-11-28,104,1.89,
2009-11-29,96.3,1.77,
2009-11-30,91.3,1.69,
2009-12-01,86.0,1.61,
2009-12-02,82.9,1.56,
2009-12-03,89.4,1.66,
2009-12-04,120,2.12,
2009-12-05,224,3.32,
2009-12-06,362,4.58,
2009-12-07,415,5.00,
2009-12-08,400,4.88,
2009-12-09,350,4.49,
2009-12-10,301,4.08,
2009-12-11,266,3.76,
2009-12-12,244,3.55,
2009-12-13,219,3.30,
2009-12-14,200,3.10,
2009-12-15,184,2.93,
2009-12-16,172,2.79,
2009-12-17,162,2.67,
2009-12-18,155,2.59,
2009-12-19,159,2.65,
2009-12-20,158,2.68,
2009-12-21,152,2.59,
2009-12-22,143,2.49,
2009-12-23,137,2.36,
2009-12-24,130,2.25,
2009-12-25,127,2.19,
2009-12-26,142,2.43,
2009-12-27,162,2.71,
2009-12-28,153,2.62,
2009-12-29,143,2.45,
2009-12-30,130,2.29,
2009-12-31,122,2.17,
2010-01-01,123,2.19,
2010-01-02,174,2.83,
2010-01-03,214,3.28,
2010-01-04,201,3.15,
2010-01-05,188,3.00,
2010-01-06,171,2.81,
2010-01-07,146,2.50,
2010-01-08,132,2.33,
2010-01-09,124,2.22,
2010-01-10,120,2.17,
2010-01-11,117,2.12,
2010-01-12,113,2.07,
2010-01-13,109,2.02,
2010-01-14,106,1.97,
2010-01-15,104,1.95,
2010-01-16,101,1.90,
2010-01-17,102,1.91,
2010-01-18,106,1.97,
2010-01-19,105,1.95,
2010-01-20,100,1.88,
2010-01-21,96.0,1.82,
2010-01-22,101,1.89,
2010-01-23,190,2.98,
2010-01-24,308,4.15,
2010-01-25,368,4.64,
2010-01-26,386,4.78,
2010-01-27,352,4.50,
2010-01-28,300,4.06,
2010-01-29,259,3.69,
2010-01-30,229,3.39,
2010-01-31,208,3.18,
2010-02-01,196,3.05,
2010-02-02,215,3.25,
2010-02-03,300,4.06,
2010-02-04,383,4.76,
2010-02-05,462,5.35,
2010-02-06,511,5.69,
2010-02-07,531,5.82,
2010-02-08,527,5.79,
2010-02-09,489,5.53,
2010-02-10,466,5.38,
2010-02-11,446,5.23,
2010-02-12,418,5.02,
2010-02-13,458,5.32,
2010-02-14,537,5.86,
2010-02-15,597,6.25,
2010-02-16,601,6.27,
2010-02-17,526,5.79,
2010-02-18,440,5.19,
2010-02-19,379,4.72,
2010-02-20,334,4.36,
2010-02-21,301,4.08,
2010-02-22,276,3.85,
2010-02-23,257,3.67,
2010-02-24,244,3.54,
2010-02-25,249,3.59,
2010-02-26,270,3.80,
2010-02-27,268,3.78,
2010-02-28,258,3.68,
2010-03-01,244,3.55,
2010-03-02,234,3.45,
2010-03-03,244,3.55,
2010-03-04,247,3.58,
2010-03-05,234,3.45,
2010-03-06,218,3.29,
2010-03-07,201,3.10,
2010-03-08,186,2.94,
2010-03-09,175,2.81,
2010-03-10,167,2.72,
2010-03-11,190,2.96,
2010-03-12,476,5.40,
2010-03-13,908,7.96,
2010-03-14,1450,10.05,
2010-03-15,1710,10.75,
2010-03-16,1470,10.13,
2010-03-17,1150,9.09,
2010-03-18,920,8.05,
2010-03-19,755,7.18,
2010-03-20,631,6.46,
2010-03-21,569,6.07,
2010-03-22,691,6.82,
2010-03-23,848,7.68,
2010-03-24,937,8.14,
2010-03-25,894,7.92,
2010-03-26,797,7.41,
2010-03-27,716,6.96,
2010-03-28,677,6.73,
2010-03-29,812,7.49,
2010-03-30,1020,8.51,
2010-03-31,1540,10.28,
2010-04-01,1790,10.93,
2010-04-02,1500,10.21,
2010-04-03,1200,9.26,
2010-04-04,987,8.38,
2010-04-05,842,7.65,
2010-04-06,727,7.07,
2010-04-07,621,6.59,
2010-04-08,538,6.18,
2010-04-09,471,5.82,
2010-04-10,419,5.51,
2010-04-11,375,5.23,
2010-04-12,336,4.96,
2010-04-13,306,4.73,
2010-04-14,279,4.53,
2010-04-15,254,4.33,
2010-04-16,235,4.16,
2010-04-17,219,4.01,
2010-04-18,204,3.87,
2010-04-19,200,3.82,
2010-04-20,214,3.90,
2010-04-21,224,3.97,
2010-04-22,241,4.07,
2010-04-23,237,4.02,
2010-04-24,215,3.84,
2010-04-25,197,3.67,
2010-04-26,366,4.91,
2010-04-27,548,5.96,
2010-04-28,597,6.25,
2010-04-29,559,6.01,
2010-04-30,468,5.49,
2010-05-01,374,4.92,
2010-05-02,308,4.46,
2010-05-03,259,4.08,
2010-05-04,223,3.76,
2010-05-05,196,3.50,
2010-05-06,185,3.38,
2010-05-07,209,3.56,
2010-05-08,211,3.55,
2010-05-09,190,3.34,
2010-05-10,167,3.10,
2010-05-11,148,2.87,
2010-05-12,133,2.66,
2010-05-13,121,2.48,
2010-05-14,113,2.33,
2010-05-15,107,2.21,
2010-05-16,100,2.08,
2010-05-17,100,2.06,
2010-05-18,123,2.33,
2010-05-19,189,3.03,
2010-05-20,177,2.88,
2010-05-21,160,2.66,
2010-05-22,143,2.44,
2010-05-23,128,2.24,
2010-05-24,116,2.06,
2010-05-25,107,1.94,
2010-05-26,101,1.84,
2010-05-27,96.8,1.78,
2010-05-28,95.4,1.76,
2010-05-29,98.8,1.81,
2010-05-30,162,2.65,
2010-05-31,214,3.24,
2010-06-01,238,3.49,
2010-06-02,231,3.42,
2010-06-03,238,3.49,
2010-06-04,370,4.65,
2010-06-05,439,5.18,
2010-06-06,423,5.06,
2010-06-07,368,4.64,
2010-06-08,304,4.10,
2010-06-09,250,3.61,
2010-06-10,209,3.19,
2010-06-11,176,2.83,
2010-06-12,152,2.54,
2010-06-13,133,2.30,
2010-06-14,118,2.09,
2010-06-15,108,1.95,
2010-06-16,103,1.87,
2010-06-17,124,2.16,
2010-06-18,269,3.78,
2010-06-19,323,4.27,
2010-06-20,377,4.70,
2010-06-21,595,6.22,
2010-06-22,840,7.64,
2010-06-23,923,8.07,
2010-06-24,817,7.52,
2010-06-25,602,6.27,
2010-06-26,413,4.98,
2010-06-27,300,4.06,
2010-06-28,235,3.45,
2010-06-29,195,3.04,
2010-06-30,169,2.75,
2010-07-01,162,2.66,
2010-07-02,238,3.46,
2010-07-03,387,4.76,
2010-07-04,429,5.07,
2010-07-05,384,4.71,
2010-07-06,382,4.70,
2010-07-07,430,5.07,
2010-07-08,385,4.72,
2010-07-09,301,4.01,
2010-07-10,237,3.41,
2010-07-11,202,3.06,
2010-07-12,174,2.74,
2010-07-13,154,2.50,
2010-07-14,162,2.60,
2010-07-15,187,2.89,
2010-07-16,187,2.89,
2010-07-17,177,2.77,
2010-07-18,169,2.68,
2010-07-19,148,2.43,
2010-07-20,127,2.16,
2010-07-21,112,1.94,
2010-07-22,101,1.78,
2010-07-23,91.4,1.64,
2010-07-24,86.8,1.56,
2010-07-25,89.9,1.61,
2010-07-26,86.6,1.56,
2010-07-27,79.8,1.45,
2010-07-28,73.4,1.33,
2010-07-29,71.2,1.29,
2010-07-30,101,1.77,
2010-07-31,126,2.15,
2010-08-01,104,1.83,
2010-08-02,101,1.78,
2010-08-03,164,2.60,
2010-08-04,252,3.57,
2010-08-05,253,3.57,
2010-08-06,193,2.95,
2010-08-07,148,2.42,
2010-08-08,151,2.46,
2010-08-09,244,3.48,
2010-08-10,298,3.99,
2010-08-11,305,4.05,
2010-08-12,323,4.21,
2010-08-13,325,4.23,
2010-08-14,318,4.17,
2010-08-15,311,4.11,
2010-08-16,248,3.53,
2010-08-17,224,3.29,
2010-08-18,250,3.54,
2010-08-19,235,3.40,
2010-08-20,279,3.81,
2010-08-21,370,4.60,
2010-08-22,487,5.48,
2010-08-23,525,5.75,
2010-08-24,460,5.29,
2010-08-25,404,4.88,
2010-08-26,405,4.88,
2010-08-27,396,4.82,
2010-08-28,343,4.38,
2010-08-29,297,3.99,
2010-08-30,264,3.69,
2010-08-31,253,3.58,
2010-09-01,239,3.45,
2010-09-02,219,3.25,
2010-09-03,194,2.97,
2010-09-04,169,2.69,
2010-09-05,148,2.44,
2010-09-06,135,2.28,
2010-09-07,141,2.36,
2010-09-08,175,2.77,
2010-09-09,217,3.23,
2010-09-10,318,4.18,
2010-09-11,307,4.09,
2010-09-12,270,3.75,
2010-09-13,227,3.33,
2010-09-14,220,3.26,
2010-09-15,204,3.10,
2010-09-16,209,3.15,
2010-09-17,204,3.10,
2010-09-18,173,2.77,
2010-09-19,145,2.43,
2010-09-20,126,2.17,
2010-09-21,111,1.97,
2010-09-22,99.4,1.79,
2010-09-23,91.5,1.67,
2010-09-24,92.4,1.68,
2010-09-25,134,2.28,
2010-09-26,142,2.39,
2010-09-27,130,2.23,
2010-09-28,121,2.12,
2010-09-29,157,2.57,
2010-09-30,232,3.40,
2010-10-01,269,3.76,4.60
2010-10-02,265,3.73,4.57
2010-10-03,229,3.38,4.22
2010-10-04,188,2.94,3.78
2010-10-05,159,2.61,3.45
2010-10-06,139,2.36,3.20
2010-10-07,123,2.15,2.99
2010-10-08,109,1.96,2.80
2010-10-09,100,1.83,2.67
2010-10-10,92.6,1.70,2.54
2010-10-11,86.9,1.61,2.45
2010-10-12,83.0,1.55,2.39
2010-10-13,79.9,1.50,2.34
2010-10-14,77.9,1.46,2.30
2010-10-15,75.3,1.42,2.26
2010-10-16,70.2,1.33,2.17
2010-10-17,65.6,1.25,2.09
2010-10-18,62.2,1.19,2.03
2010-10-19,60.0,1.14,1.98
2010-10-20,59.6,1.13,1.97
2010-10-21,58.3,1.11,1.95
2010-10-22,57.7,1.10,1.94
2010-10-23,56.9,1.08,1.92
2010-10-24,55.8,1.06,1.90
2010-10-25,55.1,1.04,1.88
2010-10-26,54.6,1.03,1.87
2010-10-27,54.5,1.03,1.87
2010-10-28,53.4,1.01,1.85
2010-10-29,52.7,0.99,1.83
2010-10-30,51.7,0.97,1.81
2010-10-31,50.1,0.94,1.78
2010-11-01,49.2,0.92,1.76
2010-11-02,50.1,0.94,1.78
2010-11-03,52.8,1.00,1.84
2010-11-04,60.9,1.16,2.00
2010-11-05,68.7,1.31,2.15
2010-11-06,74.4,1.41,2.25
2010-11-07,70.9,1.35,2.19
2010-11-08,66.7,1.27,2.11
2010-11-09,61.9,1.18,2.02
2010-11-10,58.6,1.12,1.96
2010-11-11,55.2,1.05,1.89
2010-11-12,53.5,1.01,1.85
2010-11-13,51.8,0.98,1.82
2010-11-14,49.9,0.94,1.78
2010-11-15,48.5,0.90,1.74
2010-11-16,48.0,0.89,1.73
2010-11-17,47.1,0.87,1.71
2010-11-18,47.7,0.89,1.73
2010-11-19,48.3,0.90,1.74
2010-11-20,45.8,0.84,1.68
2010-11-21,44.6,0.82,1.66
2010-11-22,44.0,0.81,1.65
2010-11-23,44.5,0.81,1.65
2010-11-24,44.5,0.82,1.66
2010-11-25,44.8,0.82,1.66
2010-11-26,43.8,0.80,1.64
2010-11-27,42.8,0.78,1.62
2010-11-28,42.6,0.77,1.61
2010-11-29,44.8,0.82,1.66
2010-11-30,56.7,1.05,1.89
2010-12-01,88.6,1.62,2.46
2010-12-02,82.6,1.52,2.36
2010-12-03,74.2,1.38,2.22
2010-12-04,67.0,1.25,2.09
2010-12-05,61.0,1.13,1.97
2010-12-06,56.6,1.04,1.88
2010-12-07,54.8,1.01,1.85
2010-12-08,53.5,0.98,1.82
2010-12-09,52.6,0.96,1.80
2010-12-10,51.2,0.93,1.77
2010-12-11,50.8,0.92,1.76
2010-12-12,50.5,0.92,1.76
2010-12-13,49.8,0.90,1.74
2010-12-14,48.4,0.87,1.71
2010-12-15,48.2,0.87,1.71
2010-12-16,47.3,0.85,1.69
2010-12-17,47.2,0.85,1.69
2010-12-18,47.6,0.86,1.70
2010-12-19,52.5,0.96,1.80
2010-12-20,63.7,1.18,2.02
2010-12-21,62.5,1.16,2.00
2010-12-22,59.6,1.10,1.94
2010-12-23,56.4,1.04,1.88
2010-12-24,53.6,0.98,1.82
2010-12-25,51.9,0.95,1.79
2010-12-26,49.6,0.90,1.74
2010-12-27,49.7,0.90,1.74
2010-12-28,50.1,0.91,1.75
2010-12-29,49.2,0.89,1.73
2010-12-30,48.3,0.87,1.71
2010-12-31,49.5,0.90,1.74
2011-01-01,48.9,0.88,1.72
2011-01-02,47.0,0.84,1.68
2011-01-03,46.2,0.83,1.67
2011-01-04,48.4,0.87,1.71
2011-01-05,48.2,0.87,1.71
2011-01-06,47.0,0.84,1.68
2011-01-07,51.6,0.94,1.78
2011-01-08,56.1,1.03,1.87
2011-01-09,55.1,1.01,1.85
2011-01-10,54.4,1.00,1.84
2011-01-11,55.6,1.03,1.87
2011-01-12,64.5,1.20,2.04
2011-01-13,65.1,1.21,2.05
2011-01-14,61.9,1.15,1.99
2011-01-15,58.1,1.07,1.91
2011-01-16,54.4,1.00,1.84
2011-01-17,56.8,1.05,1.89
2011-01-18,118,2.03,2.87
2011-01-19,196,3.02,3.86
2011-01-20,205,3.12,3.96
2011-01-21,204,3.11,3.95
2011-01-22,256,3.63,4.47
2011-01-23,277,3.83,4.67
2011-01-24,253,3.61,4.45
2011-01-25,225,3.32,4.16
2011-01-26,255,3.62,4.46
2011-01-27,337,4.35,5.19
2011-01-28,347,4.44,5.28
2011-01-29,323,4.24,5.08
2011-01-30,276,3.82,4.66
2011-01-31,226,3.34,4.18
2011-02-01,188,2.93,3.77
2011-02-02,163,2.65,3.49
2011-02-03,147,2.45,3.29
2011-02-04,136,2.31,3.15
2011-02-05,126,2.18,3.02
2011-02-06,120,2.09,2.93
2011-02-07,120,2.09,2.93
2011-02-08,119,2.07,2.91
2011-02-09,115,2.02,2.86
2011-02-10,111,1.96,2.80
2011-02-11,109,1.93,2.77
2011-02-12,107,1.91,2.75
2011-02-13,105,1.87,2.71
2011-02-14,102,1.83,2.67
2011-02-15,98.6,1.78,2.62
2011-02-16,94.6,1.72,2.56
2011-02-17,91.1,1.66,2.50
2011-02-18,88.1,1.61,2.45
2011-02-19,85.2,1.56,2.40
2011-02-20,81.1,1.50,2.34
2011-02-21,78.0,1.44,2.28
2011-02-22,75.6,1.40,2.24
2011-02-23,72.6,1.35,2.19
2011-02-24,70.0,1.30,2.14
2011-02-25,67.3,1.25,2.09
2011-02-26,65.1,1.21,2.05
2011-02-27,63.4,1.18,2.02
2011-02-28,60.8,1.13,1.97
2011-03-01,60.3,1.12,1.96
2011-03-02,60.8,1.13,1.97
2011-03-03,61.3,1.14,1.98
2011-03-04,60.5,1.12,1.96
2011-03-05,60.2,1.12,1.96
2011-03-06,62.1,1.15,1.99
2011-03-07,61.5,1.14,1.98
2011-03-08,59.8,1.11,1.95
2011-03-09,56.3,1.04,1.88
2011-03-10,58.2,1.08,1.92
2011-03-11,80.5,1.48,2.32
2011-03-12,99.9,1.80,2.64
2011-03-13,93.3,1.69,2.53
2011-03-14,82.0,1.51,2.35
2011-03-15,72.3,1.34,2.18
2011-03-16,65.7,1.22,2.06
2011-03-17,62.2,1.16,2.00
2011-03-18,62.4,1.16,2.00
2011-03-19,58.5,1.08,1.92
2011-03-20,55.4,1.02,1.86
2011-03-21,53.3,0.98,1.82
2011-03-22,51.7,0.94,1.78
2011-03-23,49.7,0.90,1.74
2011-03-24,48.4,0.87,1.71
2011-03-25,47.2,0.85,1.69
2011-03-26,45.5,0.81,1.65
2011-03-27,43.7,0.77,1.61
2011-03-28,44.9,0.79,1.63
2011-03-29,69.8,1.28,2.12
2011-03-30,121,2.11,2.95
2011-03-31,179,2.77,3.61
2011-04-01,518,5.68,6.52
2011-04-02,869,7.78,8.62
2011-04-03,982,8.36,9.20
2011-04-04,891,7.90,8.74
2011-04-05,699,6.85,7.69
2011-04-06,520,5.72,6.56
2011-04-07,407,4.92,5.76
2011-04-08,337,4.35,5.19
2011-04-09,286,3.91,4.75
2011-04-10,243,3.51,4.35
2011-04-11,205,3.12,3.96
2011-04-12,177,2.81,3.65
2011-04-13,158,2.59,3.43
2011-04-14,142,2.38,3.22
2011-04-15,127,2.19,3.03
2011-04-16,115,2.02,2.86
2011-04-17,105,1.88,2.72
2011-04-18,94.0,1.71,2.55
2011-04-19,84.8,1.56,2.40
2011-04-20,79.8,1.47,2.31
2011-04-21,79.1,1.46,2.30
2011-04-22,72.8,1.35,2.19
2011-04-23,68.0,1.26,2.10
2011-04-24,63.1,1.17,2.01
2011-04-25,60.0,1.11,1.95
2011-04-26,57.8,1.07,1.91
2011-04-27,60.5,1.12,1.96
2011-04-28,61.0,1.13,1.97
2011-04-29,57.4,1.06,1.90
2011-04-30,53.4,0.98,1.82
2011-05-01,49.8,0.90,1.74
2011-05-02,47.2,0.85,1.69
2011-05-03,46.0,0.82,1.66
2011-05-04,44.7,0.79,1.63
2011-05-05,46.7,0.83,1.67
2011-05-06,46.7,0.84,1.68
2011-05-07,45.0,0.80,1.64
2011-05-08,43.3,0.76,1.60
2011-05-09,41.7,0.72,1.56
2011-05-10,40.1,0.68,1.52
2011-05-11,39.1,0.66,1.50
2011-05-12,39.2,0.66,1.50
2011-05-13,43.8,0.77,1.61
2011-05-14,65.1,1.21,2.05
2011-05-15,80.0,1.48,2.32
2011-05-16,99.6,1.79,2.63
2011-05-17,89.7,1.64,2.48
2011-05-18,74.5,1.38,2.22
2011-05-19,61.1,1.13,1.97
2011-05-20,52.1,0.95,1.79
2011-05-21,47.0,0.84,1.68
2011-05-22,47.2,0.85,1.69
2011-05-23,42.3,0.73,1.57
2011-05-24,39.3,0.66,1.50
2011-05-25,37.8,0.63,1.47
2011-05-26,35.7,0.57,1.41
2011-05-27,35.1,0.56,1.40
2011-05-28,35.1,0.56,1.40
2011-05-29,35.4,0.57,1.41
2011-05-30,34.8,0.55,1.39
2011-05-31,34.5,0.54,1.38
2011-06-01,34.0,0.53,1.37
2011-06-02,41.1,0.70,1.54
2011-06-03,71.7,1.33,2.17
2011-06-04,83.2,1.53,2.37
2011-06-05,63.9,1.19,2.03
2011-06-06,49.3,0.89,1.73
2011-06-07,42.9,0.75,1.59
2011-06-08,39.0,0.66,1.50
2011-06-09,37.5,0.62,1.46
2011-06-10,35.6,0.57,1.41
2011-06-11,32.4,0.49,1.33
2011-06-12,32.9,0.50,1.34
2011-06-13,31.6,0.47,1.31
2011-06-14,30.9,0.45,1.29
2011-06-15,36.1,0.58,1.42
2011-06-16,35.9,0.58,1.42
2011-06-17,32.3,0.49,1.33
2011-06-18,36.2,0.59,1.43
2011-06-19,71.2,1.30,2.14
2011-06-20,126,2.16,3.00
2011-06-21,162,2.63,3.47
2011-06-22,126,2.17,3.01
2011-06-23,92.4,1.68,2.52
2011-06-24,74.2,1.38,2.22
2011-06-25,143,2.34,3.18
2011-06-26,322,4.21,5.05
2011-06-27,481,5.46,6.30
2011-06-28,575,6.09,6.93
2011-06-29,602,6.27,7.11
2011-06-30,503,5.61,6.45
2011-07-01,441,5.18,6.02
2011-07-02,437,5.14,5.98
2011-07-03,463,5.33,6.17
2011-07-04,436,5.14,5.98
2011-07-05,376,4.67,5.51
2011-07-06,302,4.05,4.89
2011-07-07,266,3.72,4.56
2011-07-08,466,5.33,6.17
2011-07-09,686,6.77,7.61
2011-07-10,759,7.19,8.03
2011-07-11,710,6.92,7.76
2011-07-12,637,6.48,7.32
2011-07-13,559,5.99,6.83
2011-07-14,543,5.88,6.72
2011-07-15,544,5.89,6.73
2011-07-16,624,6.39,7.23
2011-07-17,967,8.27,9.11
2011-07-18,1200,9.27,10.11
2011-07-19,1230,9.37,10.21
2011-07-20,1040,8.60,9.44
2011-07-21,765,7.22,8.06
2011-07-22,535,5.83,6.67
2011-07-23,490,5.52,6.36
2011-07-24,660,6.61,7.45
2011-07-25,762,7.21,8.05
2011-07-26,743,7.10,7.94
2011-07-27,640,6.50,7.34
2011-07-28,520,5.72,6.56
2011-07-29,441,5.17,6.01
2011-07-30,396,4.83,5.67
2011-07-31,368,4.62,5.46
2011-08-01,334,4.33,5.17
2011-08-02,326,4.26,5.10
2011-08-03,344,4.42,5.26
2011-08-04,421,5.02,5.86
2011-08-05,535,5.83,6.67
2011-08-06,545,5.89,6.73
2011-08-07,437,5.14,5.98
2011-08-08,329,4.28,5.12
2011-08-09,300,4.04,4.88
2011-08-10,402,4.87,5.71
2011-08-11,444,5.20,6.04
2011-08-12,409,4.93,5.77
2011-08-13,349,4.46,5.30
2011-08-14,295,3.99,4.83
2011-08-15,258,3.65,4.49
2011-08-16,245,3.53,4.37
2011-08-17,277,3.82,4.66
2011-08-18,384,4.74,5.58
2011-08-19,393,4.82,5.66
2011-08-20,382,4.73,5.57
2011-08-21,355,4.51,5.35
2011-08-22,326,4.26,5.10
2011-08-23,306,4.09,4.93
2011-08-24,286,3.91,4.75
2011-08-25,272,3.79,4.63
2011-08-26,271,3.78,4.62
2011-08-27,268,3.75,4.59
2011-08-28,259,3.66,4.50
2011-08-29,247,3.54,4.38
2011-08-30,232,3.40,4.24
2011-08-31,219,3.26,4.10
2011-09-01,243,3.50,4.34
2011-09-02,297,4.01,4.85
2011-09-03,277,3.83,4.67
2011-09-04,241,3.49,4.33
2011-09-05,206,3.15,3.99
2011-09-06,177,2.86,3.70
2011-09-07,159,2.67,3.51
2011-09-08,157,2.66,3.50
2011-09-09,162,2.72,3.56
2011-09-10,170,2.80,3.64
2011-09-11,203,3.12,3.96
2011-09-12,216,3.25,4.09
2011-09-13,212,3.21,4.05
2011-09-14,185,2.96,3.80
2011-09-15,164,2.73,3.57
2011-09-16,148,2.55,3.39
2011-09-17,137,2.42,3.26
2011-09-18,127,2.30,3.14
2011-09-19,120,2.21,3.05
2011-09-20,107,2.05,2.89
2011-09-21,109,2.08,2.92
2011-09-22,114,2.14,2.98
2011-09-23,215,3.23,4.07
2011-09-24,408,4.91,5.75
2011-09-25,514,5.68,6.52
2011-09-26,547,5.91,6.75
2011-09-27,547,5.91,6.75
2011-09-28,538,5.85,6.69
2011-09-29,510,5.66,6.50
2011-09-30,469,5.38,6.22
2011-10-01,422,5.03,5.87
2011-10-02,372,4.65,5.49
2011-10-03,329,4.29,5.13
2011-10-04,293,3.97,4.81
2011-10-05,261,3.68,4.52
2011-10-06,235,3.44,4.28
2011-10-07,210,3.22,4.06
2011-10-08,517,5.50,6.34
2011-10-09,1590,10.26,11.10
2011-10-10,4400,14.37,15.21
2011-10-11,5470,15.40,16.24
2011-10-12,4520,14.54,15.38
2011-10-13,3410,13.36,14.19
2011-10-14,2670,12.41,13.25
2011-10-15,2160,11.63,12.47
2011-10-16,1780,10.94,11.78
2011-10-17,1520,10.30,11.14
2011-10-18,1330,9.75,10.59
2011-10-19,1160,9.30,10.14
2011-10-20,1030,8.88,9.72
2011-10-21,908,8.49,9.33
2011-10-22,806,8.12,8.96
2011-10-23,716,7.77,8.61
2011-10-24,636,7.44,8.28
2011-10-25,564,7.15,7.99
2011-10-26,504,6.89,7.73
2011-10-27,456,6.69,7.53
2011-10-28,419,6.53,7.37
2011-10-29,403,6.47,7.31
2011-10-30,410,6.50,7.34
2011-10-31,416,6.54,7.38
2011-11-01,460,6.74,7.58
2011-11-02,493,6.90,7.74
2011-11-03,483,6.86,7.70
2011-11-04,451,6.74,7.58
2011-11-05,412,6.55,7.39
2011-11-06,376,6.41,7.25
2011-11-07,344,6.27,7.11
2011-11-08,319,6.16,7.00
2011-11-09,300,6.06,6.90
2011-11-10,284,5.98,6.82
2011-11-11,268,5.86,6.70
2011-11-12,256,5.80,6.64
2011-11-13,242,5.73,6.57
2011-11-14,231,5.66,6.50
2011-11-15,220,5.60,6.44
2011-11-16,213,5.55,6.39
2011-11-17,206,5.49,6.33
2011-11-18,210,5.46,6.30
2011-11-19,199,5.38,6.22
2011-11-20,186,5.30,6.14
2011-11-21,178,5.21,6.05
2011-11-22,172,5.15,5.99
2011-11-23,162,5.06,5.90
2011-11-24,163,5.00,5.84
2011-11-25,162,4.95,5.79
2011-11-26,153,4.86,5.70
2011-11-27,146,4.77,5.61
2011-11-28,136,4.67,5.51
2011-11-29,128,4.58,5.42
2011-11-30,129,4.51,5.35
2011-12-01,128,4.42,5.26
2011-12-02,128,4.36,5.20
2011-12-03,128,4.30,5.14
2011-12-04,124,4.22,5.06
2011-12-05,121,4.14,4.98
2011-12-06,115,4.05,4.89
2011-12-07,105,3.93,4.77
2011-12-08,108,3.85,4.69
2011-12-09,109,3.80,4.64
2011-12-10,102,3.70,4.54
2011-12-11,100,3.62,4.46
2011-12-12,102,3.60,4.44
2011-12-13,112,3.60,4.44
2011-12-14,123,3.61,4.45
2011-12-15,122,3.56,4.40
2011-12-16,119,3.49,4.33
2011-12-17,111,3.39,4.23
2011-12-18,105,3.28,4.12
2011-12-19,103,3.23,4.07
2011-12-20,95.5,3.13,3.97
2011-12-21,91.6,3.03,3.87
2011-12-22,90.8,2.97,3.81
2011-12-23,88.5,2.89,3.73
2011-12-24,86.5,2.82,3.66
2011-12-25,85.4,2.76,3.60
2011-12-26,83.5,2.69,3.53
2011-12-27,81.6,2.62,3.46
2011-12-28,79.3,2.54,3.38
2011-12-29,81.9,2.51,3.35
2011-12-30,82.9,2.47,3.31
2011-12-31,84.1,2.42,3.26
2012-01-01,80.7,2.34,3.18
2012-01-02,77.3,2.25,3.09
2012-01-03,74.7,2.16,3.00
2012-01-04,75.8,2.12,2.96
2012-01-05,73.6,2.04,2.88
2012-01-06,74.4,2.00,2.84
2012-01-07,73.1,1.92,2.76
2012-01-08,73.3,1.87,2.71
2012-01-09,73.3,1.82,2.66
2012-01-10,72.9,1.77,2.61
2012-01-11,73.0,1.73,2.57
2012-01-12,75.0,1.73,2.57
2012-01-13,77.7,1.73,2.57
2012-01-14,76.6,1.67,2.51
2012-01-15,76.3,1.63,2.47
2012-01-16,74.6,1.56,2.40
2012-01-17,76.4,1.56,2.40
2012-01-18,77.8,1.55,2.39
2012-01-19,77.0,1.51,2.35
2012-01-20,79.2,1.51,2.35
2012-01-21,77.7,1.47,2.31
2012-01-22,75.3,1.44,2.28
2012-01-23,73.6,1.41,2.25
2012-01-24,73.2,1.40,2.24
2012-01-25,72.1,1.38,2.22
2012-01-26,70.9,1.36,2.20
2012-01-27,71.0,1.36,2.20
2012-01-28,71.4,1.37,2.21
2012-01-29,70.3,1.35,2.19
2012-01-30,69.0,1.32,2.16
2012-01-31,68.7,1.32,2.16
2012-02-01,69.1,1.28,2.12
2012-02-02,69.0,1.27,2.11
2012-02-03,69.7,1.28,2.12
2012-02-04,66.7,1.29,2.13
2012-02-05,66.0,1.28,2.12
2012-02-06,65.5,1.27,2.11
2012-02-07,75.8,1.45,2.29
2012-02-08,84.4,1.60,2.44
2012-02-09,85.3,1.62,2.46
2012-02-10,78.5,1.50,2.34
2012-02-11,82.2,1.56,2.40
2012-02-12,99.4,1.84,2.68
2012-02-13,93.2,1.74,2.58
2012-02-14,81.7,1.56,2.40
2012-02-15,77.1,1.48,2.32
2012-02-16,72.7,1.40,2.24
2012-02-17,70.7,1.36,2.20
2012-02-18,69.1,1.34,2.18
2012-02-19,67.7,1.31,2.15
2012-02-20,67.4,1.31,2.15
2012-02-21,64.5,1.25,2.09
2012-02-22,64.1,1.24,2.08
2012-02-23,75.9,1.45,2.29
2012-02-24,104,1.91,2.75
2012-02-25,101,1.86,2.70
2012-02-26,90.2,1.70,2.54
2012-02-27,80.0,1.53,2.37
2012-02-28,76.2,1.46,2.30
2012-02-29,77.8,1.49,2.33
2012-03-01,81.9,1.56,2.40
2012-03-02,84.3,1.60,2.44
2012-03-03,80.5,1.54,2.38
2012-03-04,74.5,1.43,2.27
2012-03-05,74.3,1.43,2.27
2012-03-06,74.5,1.43,2.27
2012-03-07,69.2,1.34,2.18
2012-03-08,65.4,1.27,2.11
2012-03-09,64.6,1.25,2.09
2012-03-10,71.4,1.38,2.22
2012-03-11,95.4,1.78,2.62
2012-03-12,105,1.93,2.77
2012-03-13,104,1.92,2.76
2012-03-14,98.4,1.83,2.67
2012-03-15,91.7,1.72,2.56
2012-03-16,83.5,1.59,2.43
2012-03-17,78.1,1.50,2.34
2012-03-18,74.7,1.44,2.28
2012-03-19,71.5,1.38,2.22
2012-03-20,68.0,1.31,2.15
2012-03-21,65.0,1.26,2.10
2012-03-22,62.6,1.21,2.05
2012-03-23,62.0,1.20,2.04
2012-03-24,57.8,1.12,1.96
2012-03-25,53.1,1.02,1.86
2012-03-26,51.0,0.98,1.82
2012-03-27,48.7,0.93,1.77
2012-03-28,47.0,0.89,1.73
2012-03-29,46.2,0.87,1.71
2012-03-30,43.3,0.81,1.65
2012-03-31,42.4,0.79,1.63
2012-04-01,43.6,0.82,
2012-04-02,48.4,0.92,
2012-04-03,46.9,0.89,
2012-04-04,43.1,0.80,
2012-04-05,40.9,0.75,
2012-04-06,40.7,0.75,
2012-04-07,40.8,0.75,
2012-04-08,40.1,0.73,
2012-04-09,39.4,0.72,1.56
2012-04-10,37.7,0.67,1.51
2012-04-11,35.7,0.62,1.46
2012-04-12,34.9,0.60,1.44
2012-04-13,33.9,0.58,1.42
2012-04-14,33.7,0.57,1.41
2012-04-15,32.7,0.55,1.39
2012-04-16,32.7,0.55,1.39
2012-04-17,32.4,0.54,1.38
2012-04-18,32.1,0.53,1.37
2012-04-19,31.7,0.52,1.36
2012-04-20,35.5,0.62,1.46
2012-04-21,32.9,0.55,1.39
2012-04-22,34.6,0.60,1.44
2012-04-23,39.5,0.72,1.56
2012-04-24,40.1,0.73,1.57
2012-04-25,34.5,0.59,1.43
2012-04-26,34.0,0.58,1.42
2012-04-27,32.3,0.53,1.37
2012-04-28,30.2,0.48,1.32
2012-04-29,29.3,0.45,1.29
2012-04-30,29.4,0.46,1.30
2012-05-01,30.7,0.49,1.33
2012-05-02,30.3,0.48,1.32
2012-05-03,28.9,0.44,1.28
2012-05-04,27.8,0.41,1.25
2012-05-05,27.6,0.40,1.24
2012-05-06,27.8,0.41,1.25
2012-05-07,28.0,0.42,1.26
2012-05-08,29.9,0.47,1.31
2012-05-09,37.7,0.67,1.51
2012-05-10,37.0,0.66,1.50
2012-05-11,41.5,0.77,1.61
2012-05-12,38.3,0.69,1.53
2012-05-13,34.5,0.59,1.43
2012-05-14,31.7,0.52,1.36
2012-05-15,31.3,0.51,1.35
2012-05-16,35.8,0.62,1.46
2012-05-17,53.1,1.00,1.84
2012-05-18,94.2,1.74,2.58
2012-05-19,119,2.11,2.95
2012-05-20,103,1.88,2.72
2012-05-21,78.5,1.48,2.32
2012-05-22,61.8,1.18,2.02
2012-05-23,52.0,0.98,1.82
2012-05-24,46.9,0.87,1.71
2012-05-25,42.7,0.77,1.61
2012-05-26,39.1,0.69,1.53
2012-05-27,36.7,0.63,1.47
2012-05-28,36.4,0.62,
2012-05-29,55.6,1.03,
2012-05-30,115,2.05,
2012-05-31,111,1.99,
2012-06-01,85.3,1.60,
2012-06-02,92.1,1.70,
2012-06-03,114,2.04,
2012-06-04,96.1,1.77,
2012-06-05,76.1,1.44,
2012-06-06,70.6,1.34,
2012-06-07,91.7,1.70,
2012-06-08,128,2.22,
2012-06-09,168,2.74,
2012-06-10,181,2.88,
2012-06-11,249,3.59,
2012-06-12,350,4.49,
2012-06-13,350,4.50,
2012-06-14,335,4.37,
2012-06-15,387,4.78,
2012-06-16,400,4.89,
2012-06-17,366,4.62,
2012-06-18,305,4.11,
2012-06-19,241,3.51,
2012-06-20,191,2.99,
2012-06-21,168,2.73,
2012-06-22,159,2.62,
2012-06-23,172,2.79,
2012-06-24,182,2.90,
2012-06-25,308,4.11,
2012-06-26,533,5.83,
2012-06-27,701,6.87,
2012-06-28,815,7.51,
2012-06-29,845,7.67,
2012-06-30,750,7.15,
2012-07-01,592,6.21,
2012-07-02,450,5.26,
2012-07-03,357,4.54,
2012-07-04,305,4.12,
2012-07-05,299,4.06,
2012-07-06,261,3.72,
2012-07-07,226,3.41,
2012-07-08,208,3.24,
2012-07-09,185,3.02,
2012-07-10,167,2.81,
2012-07-11,150,2.62,
2012-07-12,151,2.62,
2012-07-13,152,2.61,
2012-07-14,141,2.46,
2012-07-15,134,2.37,
2012-07-16,210,3.18,
2012-07-17,322,4.25,
2012-07-18,352,4.51,
2012-07-19,307,4.13,
2012-07-20,275,3.84,
2012-07-21,273,3.82,
2012-07-22,234,3.45,
2012-07-23,216,3.27,
2012-07-24,289,3.96,
2012-07-25,400,4.88,
2012-07-26,369,4.65,
2012-07-27,293,4.00,
2012-07-28,230,3.40,
2012-07-29,186,2.94,
2012-07-30,155,2.58,
2012-07-31,134,2.32,
2012-08-01,123,2.16,
2012-08-02,117,2.08,
2012-08-03,123,2.16,
2012-08-04,176,2.82,
2012-08-05,194,3.04,
2012-08-06,187,2.95,
2012-08-07,203,3.13,
2012-08-08,211,3.21,
2012-08-09,261,3.71,
2012-08-10,264,3.74,
2012-08-11,244,3.55,
2012-08-12,265,3.75,
2012-08-13,266,3.76,
2012-08-14,240,3.50,
2012-08-15,252,3.61,
2012-08-16,638,6.47,
2012-08-17,727,7.03,
2012-08-18,651,6.58,
2012-08-19,564,6.04,
2012-08-20,522,5.76,
2012-08-21,495,5.58,
2012-08-22,486,5.51,
2012-08-23,453,5.28,
2012-08-24,392,4.82,
2012-08-25,343,4.43,
2012-08-26,335,4.37,
2012-08-27,379,4.69,
2012-08-28,619,6.38,
2012-08-29,689,6.81,
2012-08-30,696,6.85,
2012-08-31,640,6.51,
2012-09-01,551,5.95,
2012-09-02,450,5.26,
2012-09-03,365,4.64,
2012-09-04,293,4.13,
2012-09-05,248,3.78,
2012-09-06,279,4.00,
2012-09-07,507,5.63,
2012-09-08,770,7.26,
2012-09-09,840,7.64,
2012-09-10,773,7.28,
2012-09-11,663,6.65,
2012-09-12,548,5.93,
2012-09-13,459,5.33,
2012-09-14,383,4.85,
2012-09-15,353,4.66,
2012-09-16,385,4.85,
2012-09-17,423,5.08,
2012-09-18,450,5.26,
2012-09-19,486,5.52,
2012-09-20,533,5.83,
2012-09-21,625,6.42,
2012-09-22,705,6.90,
2012-09-23,744,7.12,
2012-09-24,767,7.25,
2012-09-25,767,7.25,
2012-09-26,670,6.69,
2012-09-27,539,5.88,
2012-09-28,430,5.26,
2012-09-29,364,4.86,
2012-09-30,328,4.62,5.46
2012-10-01,319,4.57,5.41
2012-10-02,365,4.88,5.72
2012-10-03,426,5.31,6.15
2012-10-04,436,5.38,6.22
2012-10-05,407,5.18,6.02
2012-10-06,439,5.35,6.19
2012-10-07,596,6.19,7.03
2012-10-08,694,6.76,7.60
2012-10-09,730,6.95,7.79
2012-10-10,737,6.97,7.81
2012-10-11,683,6.64,7.48
2012-10-12,564,6.01,6.85
2012-10-13,460,5.46,6.30
2012-10-14,390,5.07,5.91
2012-10-15,343,4.77,5.61
2012-10-16,308,4.55,5.39
2012-10-17,282,4.38,5.22
2012-10-18,265,4.27,5.11
2012-10-19,250,4.17,5.01
2012-10-20,236,4.06,4.90
2012-10-21,218,3.93,4.77
2012-10-22,203,3.81,4.65
2012-10-23,189,3.71,4.55
2012-10-24,177,3.61,4.45
2012-10-25,172,3.58,4.42
2012-10-26,180,3.66,4.50
2012-10-27,240,4.12,4.96
2012-10-28,285,4.45,5.29
2012-10-29,273,4.38,5.22
2012-10-30,269,4.34,5.18
2012-10-31,249,4.21,5.05
2012-11-01,221,4.02,4.86
2012-11-02,202,3.89,4.73
2012-11-03,187,3.77,4.61
2012-11-04,174,3.68,4.52
2012-11-05,164,3.60,4.44
2012-11-06,155,3.52,4.36
2012-11-07,147,3.43,4.27
2012-11-08,142,3.37,4.21
2012-11-09,135,3.29,4.13
2012-11-10,127,3.21,4.05
2012-11-11,122,3.15,3.99
2012-11-12,119,3.10,3.94
2012-11-13,116,3.06,3.90
2012-11-14,114,3.03,3.87
2012-11-15,118,3.06,3.90
2012-11-16,122,3.05,3.89
2012-11-17,121,3.03,3.87
2012-11-18,118,2.98,3.82
2012-11-19,116,2.94,3.78
2012-11-20,115,2.90,3.74
2012-11-21,112,2.87,3.71
2012-11-22,109,2.81,3.65
2012-11-23,105,2.76,3.60
2012-11-24,99.5,2.69,3.53
2012-11-25,95.2,2.63,3.47
2012-11-26,92.7,2.59,3.43
2012-11-27,90.1,2.54,3.38
2012-11-28,88.8,2.50,3.34
2012-11-29,91.1,2.48,3.32
2012-11-30,91.2,2.45,3.29
2012-12-01,90.2,2.41,3.25
2012-12-02,95.6,2.42,3.26
2012-12-03,95.0,2.38,3.22
2012-12-04,94.7,2.34,3.18
2012-12-05,93.1,2.29,3.13
2012-12-06,96.2,2.28,3.12
2012-12-07,97.6,2.26,3.10
2012-12-08,96.1,2.21,3.05
2012-12-09,93.7,2.15,2.99
2012-12-10,91.8,2.09,2.93
2012-12-11,93.6,2.08,2.92
2012-12-12,103,2.16,3.00
2012-12-13,114,2.26,3.10
2012-12-14,117,2.27,3.11
2012-12-15,117,2.25,3.09
2012-12-16,116,2.22,3.06
2012-12-17,115,2.19,3.03
2012-12-18,112,2.13,2.97
2012-12-19,111,2.09,2.93
2012-12-20,109,2.04,2.88
2012-12-21,105,1.99,2.83
2012-12-22,110,2.03,2.87
2012-12-23,108,1.97,2.81
2012-12-24,103,1.88,2.72
2012-12-25,98.5,1.79,2.63
2012-12-26,96.3,1.74,2.58
2012-12-27,98.6,1.74,2.58
2012-12-28,104,1.77,2.61
2012-12-29,106,1.78,2.62
2012-12-30,120,1.94,2.78
2012-12-31,125,1.96,2.80
2013-01-01,116,1.84,2.68
2013-01-02,116,1.81,2.65
2013-01-03,111,1.72,2.56
2013-01-04,115,1.76,2.60
2013-01-05,119,1.80,2.64
2013-01-06,120,1.80,2.64
2013-01-07,118,1.77,2.61
2013-01-08,117,1.73,2.57
2013-01-09,116,1.72,2.56
2013-01-10,115,1.70,2.54
2013-01-11,116,1.72,2.56
2013-01-12,112,1.66,2.50
2013-01-13,110,1.62,2.46
2013-01-14,108,1.60,2.44
2013-01-15,104,1.53,2.37
2013-01-16,102,1.51,2.35
2013-01-17,101,1.49,2.33
2013-01-18,100,1.48,2.32
2013-01-19,100,1.48,2.32
2013-01-20,97.0,1.43,2.27
2013-01-21,96.0,1.42,2.26
2013-01-22,95.0,1.40,2.24
2013-01-23,95.1,1.40,2.24
2013-01-24,91.8,1.35,2.19
2013-01-25,89.7,1.32,2.16
2013-01-26,88.8,1.30,2.14
2013-01-27,86.1,1.26,2.10
2013-01-28,87.0,1.28,2.12
2013-01-29,84.5,1.23,2.07
2013-01-30,83.4,1.22,2.06
2013-01-31,82.7,1.20,2.04
2013-02-01,82.4,1.20,2.04
2013-02-02,81.2,1.18,2.02
2013-02-03,78.7,1.14,1.98
2013-02-04,78.2,1.13,1.97
2013-02-05,77.1,1.11,1.95
2013-02-06,76.4,1.10,1.94
2013-02-07,76.4,1.10,1.94
2013-02-08,74.5,1.06,1.90
2013-02-09,73.9,1.05,1.89
2013-02-10,72.6,1.03,1.87
2013-02-11,71.3,1.01,1.85
2013-02-12,70.0,0.98,1.82
2013-02-13,66.8,0.92,1.76
2013-02-14,72.7,1.03,1.87
2013-02-15,87.4,1.28,2.12
2013-02-16,93.6,1.38,2.22
2013-02-17,92.2,1.36,2.20
2013-02-18,82.0,1.19,2.03
2013-02-19,76.6,1.10,1.94
2013-02-20,74.0,1.05,1.89
2013-02-21,70.8,1.00,1.84
2013-02-22,70.5,0.99,1.83
2013-02-23,68.6,0.96,1.80
2013-02-24,70.3,0.99,1.83
2013-02-25,75.0,1.07,1.91
2013-02-26,90.0,1.32,2.16
2013-02-27,97.8,1.45,2.29
2013-02-28,94.2,1.39,2.23
2013-03-01,86.0,1.26,2.10
2013-03-02,78.4,1.13,1.97
2013-03-03,74.4,1.06,1.90
2013-03-04,70.9,1.00,1.84
2013-03-05,67.7,0.94,1.78
2013-03-06,65.6,0.90,1.74
2013-03-07,65.0,0.89,1.73
2013-03-08,63.8,0.87,1.71
2013-03-09,61.4,0.82,1.66
2013-03-10,60.1,0.80,1.64
2013-03-11,59.5,0.78,1.62
2013-03-12,60.4,0.80,1.64
2013-03-13,61.4,0.82,1.66
2013-03-14,65.3,0.90,1.74
2013-03-15,62.7,0.85,1.69
2013-03-16,62.2,0.84,1.68
2013-03-17,62.7,0.84,1.68
2013-03-18,63.8,0.87,1.71
2013-03-19,61.3,0.82,1.66
2013-03-20,63.9,0.87,1.71
2013-03-21,78.3,1.13,1.97
2013-03-22,85.0,1.24,2.08
2013-03-23,77.4,1.11,1.95
2013-03-24,76.8,1.10,1.94
2013-03-25,93.0,1.37,2.21
2013-03-26,121,1.79,2.63
2013-03-27,110,1.64,2.48
2013-03-28,92.6,1.38,2.22
2013-03-29,80.9,1.19,2.03
2013-03-30,74.2,1.09,1.93
2013-03-31,69.7,1.01,1.85
2013-04-01,65.4,0.94,1.78
2013-04-02,61.8,0.87,1.71
2013-04-03,60.1,0.83,1.67
2013-04-04,60.7,0.85,1.69
2013-04-05,68.8,1.00,1.84
2013-04-06,71.1,1.04,1.88
2013-04-07,68.5,0.99,1.83
2013-04-08,67.3,0.97,1.81
2013-04-09,63.9,0.91,1.75
2013-04-10,60.0,0.83,1.67
2013-04-11,58.3,0.80,1.64
2013-04-12,57.6,0.79,1.63
2013-04-13,56.9,0.77,1.61
2013-04-14,58.4,0.80,1.64
2013-04-15,151,2.13,2.97
2013-04-16,302,3.75,4.59
2013-04-17,259,3.35,4.19
2013-04-18,192,2.67,3.51
2013-04-19,148,2.15,2.99
2013-04-20,122,1.81,2.65
2013-04-21,112,1.66,2.50
2013-04-22,157,2.25,3.09
2013-04-23,232,3.09,3.93
2013-04-24,259,3.35,4.19
2013-04-25,216,2.92,3.76
2013-04-26,168,2.39,3.23
2013-04-27,134,1.97,2.81
2013-04-28,113,1.68,2.52
2013-04-29,101,1.50,2.34
2013-04-30,139,2.02,2.86
2013-05-01,228,3.04,3.88
2013-05-02,278,3.53,4.37
2013-05-03,410,4.68,5.52
2013-05-04,560,5.82,6.66
2013-05-05,571,5.89,6.73
2013-05-06,476,5.20,6.04
2013-05-07,364,4.30,5.14
2013-05-08,284,3.59,4.43
2013-05-09,230,3.08,3.92
2013-05-10,189,2.68,3.52
2013-05-11,161,2.37,3.21
2013-05-12,142,2.14,2.98
2013-05-13,130,1.99,2.83
2013-05-14,121,1.84,2.68
2013-05-15,112,1.69,2.53
2013-05-16,104,1.56,2.40
2013-05-17,94.6,1.41,2.25
2013-05-18,86.8,1.28,2.12
2013-05-19,81.9,1.20,2.04
2013-05-20,80.0,1.17,2.01
2013-05-21,82.1,1.20,2.04
2013-05-22,108,1.61,2.45
2013-05-23,127,1.88,2.72
2013-05-24,117,1.74,2.58
2013-05-25,105,1.56,2.40
2013-05-26,91.0,1.35,2.19
2013-05-27,82.7,1.21,2.05
2013-05-28,76.4,1.11,1.95
2013-05-29,72.9,1.04,1.88
2013-05-30,71.0,1.01,1.85
2013-05-31,74.1,1.07,1.91
2013-06-01,75.2,1.08,1.92
2013-06-02,84.3,1.24,2.08
2013-06-03,83.7,1.23,2.07
2013-06-04,97.0,,
2013-06-05,110,,
2013-06-06,284,,
2013-06-07,541,5.67,6.51
2013-06-08,767,7.15,7.99
2013-06-09,936,8.11,8.95
2013-06-10,1010,8.51,9.35
2013-06-11,1020,8.56,9.40
2013-06-12,967,8.27,9.11
2013-06-13,834,7.54,8.38
2013-06-14,651,6.43,7.27
2013-06-15,505,5.44,6.28
2013-06-16,408,4.70,5.54
2013-06-17,426,4.85,5.69
2013-06-18,553,5.80,6.64
2013-06-19,702,6.77,7.61
2013-06-20,720,,
2013-06-21,678,,
2013-06-22,600,,
2013-06-23,555,,
2013-06-24,499,,
2013-06-25,400,4.67,5.51
2013-06-26,342,4.19,5.03
2013-06-27,302,3.84,4.68
2013-06-28,282,3.68,4.52
2013-06-29,310,3.92,4.76
2013-06-30,312,3.94,4.78
2013-07-01,318,4.00,4.84
2013-07-02,387,4.59,5.43
2013-07-03,506,5.52,6.36
2013-07-04,527,5.66,6.50
2013-07-05,528,5.68,6.52
2013-07-06,529,5.69,6.53
2013-07-07,499,5.48,6.32
2013-07-08,426,4.94,5.78
2013-07-09,354,4.36,5.20
2013-07-10,290,3.88,4.72
2013-07-11,242,3.50,4.34
2013-07-12,207,3.21,4.05
2013-07-13,186,3.04,3.88
2013-07-14,172,2.91,3.75
2013-07-15,165,2.83,3.67
2013-07-16,164,2.81,3.65
2013-07-17,173,2.88,3.72
2013-07-18,199,3.12,3.96
2013-07-19,195,3.08,3.92
2013-07-20,254,3.58,4.42
2013-07-21,411,4.87,5.71
2013-07-22,483,5.41,6.25
2013-07-23,459,5.25,6.09
2013-07-24,419,4.95,5.79
2013-07-25,384,4.68,5.52
2013-07-26,344,4.38,5.22
2013-07-27,314,4.19,5.03
2013-07-28,319,4.32,5.16
2013-07-29,377,4.74,5.58
2013-07-30,493,5.51,6.35
2013-07-31,510,5.64,6.48
2013-08-01,457,5.30,6.14
2013-08-02,394,4.93,5.77
2013-08-03,349,4.66,5.50
2013-08-04,337,4.60,5.44
2013-08-05,380,4.91,5.75
2013-08-06,441,5.32,6.16
2013-08-07,547,5.93,6.77
2013-08-08,610,6.31,7.15
2013-08-09,628,6.43,7.27
2013-08-10,576,6.14,6.98
2013-08-11,481,5.65,6.49
2013-08-12,403,5.22,6.06
2013-08-13,346,4.89,5.73
2013-08-14,310,4.65,5.49
2013-08-15,310,4.66,5.50
2013-08-16,324,4.75,5.59
2013-08-17,368,5.04,5.88
2013-08-18,483,5.70,6.54
2013-08-19,532,5.99,6.83
2013-08-20,499,5.84,6.68
2013-08-21,426,5.45,6.29
2013-08-22,377,5.19,6.03
2013-08-23,349,5.06,5.90
2013-08-24,326,4.96,5.80
2013-08-25,379,5.29,6.13
2013-08-26,561,6.27,7.11
2013-08-27,667,6.77,7.61
2013-08-28,694,6.91,7.75
2013-08-29,607,6.53,7.37
2013-08-30,494,6.00,6.84
2013-08-31,411,5.56,6.40
2013-09-01,422,5.67,6.51
2013-09-02,487,6.06,6.90
2013-09-03,578,6.50,7.34
2013-09-04,646,6.80,7.64
2013-09-05,640,6.76,7.60
2013-09-06,561,6.42,7.26
2013-09-07,559,6.44,7.28
2013-09-08,640,6.79,7.63
2013-09-09,695,7.03,7.87
2013-09-10,720,7.12,7.96
2013-09-11,645,6.78,7.62
2013-09-12,542,6.29,7.13
2013-09-13,478,5.96,6.80
2013-09-14,434,5.70,6.54
2013-09-15,429,5.64,6.48
2013-09-16,418,5.56,6.40
2013-09-17,369,5.24,6.08
2013-09-18,321,4.92,5.76
2013-09-19,285,4.66,5.50
2013-09-20,256,4.42,5.26
2013-09-21,234,4.23,5.07
2013-09-22,218,4.07,4.91
2013-09-23,234,4.18,5.02
2013-09-24,371,5.09,5.93
2013-09-25,477,5.69,6.53
2013-09-26,543,6.02,6.86
2013-09-27,553,6.06,6.90
2013-09-28,494,5.75,6.59
2013-09-29,419,5.34,6.18
2013-09-30,357,4.96,5.80
2013-10-01,325,4.74,5.58
2013-10-02,280,4.41,5.25
2013-10-03,245,4.13,4.97
2013-10-04,219,3.90,4.74
2013-10-05,198,3.70,4.54
2013-10-06,182,3.54,4.38
2013-10-07,226,3.84,4.68
2013-10-08,356,4.77,5.61
2013-10-09,335,4.61,5.45
2013-10-10,271,4.14,4.98
2013-10-11,239,3.88,4.72
2013-10-12,218,3.70,4.54
2013-10-13,194,3.47,4.31
2013-10-14,176,3.29,4.13
2013-10-15,163,3.16,4.00
2013-10-16,157,3.07,3.91
2013-10-17,151,2.98,3.82
2013-10-18,143,2.88,3.72
2013-10-19,136,2.79,3.63
2013-10-20,131,2.71,3.55
2013-10-21,127,2.64,3.48
2013-10-22,146,2.82,3.66
2013-10-23,173,3.06,3.90
2013-10-24,156,2.87,3.71
2013-10-25,138,2.65,3.49
2013-10-26,123,2.47,3.31
2013-10-27,112,2.33,3.17
2013-10-28,106,2.22,3.06
2013-10-29,101,2.13,2.97
2013-10-30,97.1,2.05,2.89
2013-10-31,94.3,1.99,2.83
2013-11-01,91.4,1.92,2.76
2013-11-02,90.3,1.89,2.73
2013-11-03,99.4,1.99,2.83
2013-11-04,104,2.02,2.86
2013-11-05,97.2,1.91,2.75
2013-11-06,96.6,1.88,2.72
2013-11-07,95.3,1.85,2.69
2013-11-08,95.9,1.85,2.69
2013-11-09,93.9,1.80,2.64
2013-11-10,87.9,1.71,2.55
2013-11-11,83.2,1.63,2.47
2013-11-12,80.7,1.59,2.43
2013-11-13,78.3,1.55,2.39
2013-11-14,77.5,1.53,2.37
2013-11-15,74.6,1.49,2.33
2013-11-16,76.0,1.50,2.34
2013-11-17,80.3,1.57,2.41
2013-11-18,82.6,1.60,2.44
2013-11-19,80.2,1.56,2.40
2013-11-20,78.4,1.52,2.36
2013-11-21,82.0,1.57,2.41
2013-11-22,84.1,1.59,2.43
2013-11-23,89.7,1.68,2.52
2013-11-24,87.4,1.65,2.49
2013-11-25,83.5,1.59,2.43
2013-11-26,80.1,1.54,2.38
2013-11-27,82.3,1.60,2.44
2013-11-28,85.5,1.67,2.51
2013-11-29,81.2,1.61,2.45
2013-11-30,76.9,1.54,2.38
2013-12-01,76.7,1.54,2.38
2013-12-02,76.1,1.53,2.37
2013-12-03,74.9,1.50,2.34
2013-12-04,73.8,1.49,2.33
2013-12-05,71.6,1.46,2.30
2013-12-06,70.3,1.44,2.28
2013-12-07,68.5,1.42,2.26
2013-12-08,67.1,1.39,2.23
2013-12-09,65.9,1.38,2.22
2013-12-10,63.9,1.35,2.19
2013-12-11,60.2,1.29,2.13
2013-12-12,58.9,1.27,2.11
2013-12-13,57.4,1.24,2.08
2013-12-14,55.6,1.21,2.05
2013-12-15,54.8,1.20,2.04
2013-12-16,54.7,1.21,2.05
2013-12-17,53.1,1.18,2.02
2013-12-18,51.8,1.16,2.00
2013-12-19,52.9,1.17,2.01
2013-12-20,52.7,1.16,2.00
2013-12-21,52.7,1.16,2.00
2013-12-22,53.1,1.17,2.01
2013-12-23,52.7,1.15,1.99
2013-12-24,53.0,1.16,2.00
2013-12-25,52.5,1.14,1.98
2013-12-26,50.9,1.11,1.95
2013-12-27,50.1,1.09,1.93
2013-12-28,50.0,1.08,1.92
2013-12-29,55.2,1.18,2.02
2013-12-30,75.0,1.56,2.40
2013-12-31,86.8,1.76,2.60
2014-01-01,77.7,1.60,2.44
2014-01-02,70.2,1.46,2.30
2014-01-03,72.5,1.51,2.35
2014-01-04,82.7,1.67,2.51
2014-01-05,79.8,1.62,2.46
2014-01-06,74.8,1.54,2.38
2014-01-07,71.8,1.48,2.32
2014-01-08,67.6,1.40,2.24
2014-01-09,63.9,1.33,2.17
2014-01-10,64.7,1.34,2.18
2014-01-11,71.1,1.45,2.29
2014-01-12,87.4,1.73,2.57
2014-01-13,105,2.00,2.84
2014-01-14,95.6,1.85,2.69
2014-01-15,86.8,1.71,2.55
2014-01-16,84.6,1.67,2.51
2014-01-17,81.8,1.62,2.46
2014-01-18,74.9,1.50,2.34
2014-01-19,72.2,1.45,2.29
2014-01-20,70.6,1.41,2.25
2014-01-21,69.0,1.38,2.22
2014-01-22,66.6,1.34,2.18
2014-01-23,66.5,1.33,2.17
2014-01-24,66.6,1.33,2.17
2014-01-25,70.4,1.40,2.24
2014-01-26,71.6,1.41,2.25
2014-01-27,70.9,1.40,2.24
2014-01-28,80.8,1.57,2.41
2014-01-29,88.2,1.69,2.53
2014-01-30,102,1.90,2.74
2014-01-31,131,2.31,3.15
2014-02-01,150,2.55,3.39
2014-02-02,148,2.53,3.37
2014-02-03,131,2.30,3.14
2014-02-04,115,2.07,2.91
2014-02-05,105,1.93,2.77
2014-02-06,104,1.92,2.76
2014-02-07,96.6,1.80,2.64
2014-02-08,96.3,1.78,2.62
2014-02-09,112,2.02,2.86
2014-02-10,116,2.08,2.92
2014-02-11,106,1.92,2.76
2014-02-12,98.3,1.80,2.64
2014-02-13,117,2.08,2.92
2014-02-14,147,2.48,3.32
2014-02-15,136,2.34,3.18
2014-02-16,120,2.13,2.97
2014-02-17,108,1.95,2.79
2014-02-18,98.0,1.80,2.64
2014-02-19,90.9,1.69,2.53
2014-02-20,85.4,1.60,2.44
2014-02-21,80.8,1.52,2.36
2014-02-22,104,1.87,2.71
2014-02-23,172,2.78,3.62
2014-02-24,161,2.65,3.49
2014-02-25,137,2.35,3.19
2014-02-26,124,2.18,3.02
2014-02-27,152,2.54,3.38
2014-02-28,172,2.78,3.62
2014-03-01,162,2.66,3.50
2014-03-02,143,2.43,3.27
2014-03-03,126,2.20,3.04
2014-03-04,114,2.03,2.87
2014-03-05,110,1.98,2.82
2014-03-06,109,1.97,2.81
2014-03-07,106,1.92,2.76
2014-03-08,106,1.92,2.76
2014-03-09,101,1.84,2.68
2014-03-10,95.5,1.76,2.60
2014-03-11,90.4,1.68,2.52
2014-03-12,84.9,1.59,2.43
2014-03-13,81.7,1.54,2.38
2014-03-14,78.4,1.48,2.32
2014-03-15,73.4,1.39,2.23
2014-03-16,67.6,1.29,2.13
2014-03-17,65.1,1.24,2.08
2014-03-18,141,2.35,3.19
2014-03-19,273,3.82,4.66
2014-03-20,291,3.99,4.83
2014-03-21,258,3.68,4.52
2014-03-22,211,3.21,4.05
2014-03-23,170,2.76,3.60
2014-03-24,141,2.40,3.24
2014-03-25,125,2.18,3.02
2014-03-26,115,2.05,2.89
2014-03-27,103,1.87,2.71
2014-03-28,93.1,1.72,2.56
2014-03-29,99.9,1.82,2.66
2014-03-30,169,2.74,3.58
2014-03-31,214,3.24,4.08
2014-04-01,204,3.14,3.98
2014-04-02,181,2.89,3.73
2014-04-03,155,2.57,3.41
2014-04-04,133,2.29,3.13
2014-04-05,119,2.10,2.94
2014-04-06,109,1.96,2.80
2014-04-07,98.9,1.81,2.65
2014-04-08,95.0,1.75,2.59
2014-04-09,140,2.38,3.22
2014-04-10,188,2.96,3.80
2014-04-11,175,2.81,3.65
2014-04-12,143,2.42,3.26
2014-04-13,121,2.13,2.97
2014-04-14,105,1.91,2.75
2014-04-15,95.8,1.76,2.60
2014-04-16,168,2.69,3.53
2014-04-17,316,4.20,5.04
2014-04-18,329,4.32,5.16
2014-04-19,285,3.93,4.77
2014-04-20,234,3.44,4.28
2014-04-21,191,3.00,3.84
2014-04-22,162,2.66,3.50
2014-04-23,138,2.37,3.21
2014-04-24,120,2.13,2.97
2014-04-25,108,1.95,2.79
2014-04-26,98.7,1.81,2.65
2014-04-27,89.6,1.67,2.51
2014-04-28,81.7,1.54,2.38
2014-04-29,79.0,1.49,2.33
2014-04-30,148,2.48,3.32
2014-05-01,171,2.77,3.61
2014-05-02,179,2.86,3.70
2014-05-03,233,3.43,4.27
2014-05-04,323,4.26,5.10
2014-05-05,324,4.28,5.12
2014-05-06,269,3.79,4.63
2014-05-07,211,3.21,4.05
2014-05-08,168,2.73,3.57
2014-05-09,138,2.36,3.20
2014-05-10,116,2.07,2.91
2014-05-11,101,1.85,2.69
2014-05-12,91.3,1.69,2.53
2014-05-13,82.7,1.55,2.39
2014-05-14,76.8,1.45,2.29
2014-05-15,77.2,1.46,2.30
2014-05-16,150,2.49,3.33
2014-05-17,247,3.58,4.42
2014-05-18,248,3.59,4.43
2014-05-19,198,3.07,3.91
2014-05-20,150,2.52,3.36
2014-05-21,120,2.12,2.96
2014-05-22,101,1.84,2.68
2014-05-23,87.0,1.62,2.46
2014-05-24,77.0,1.46,2.30
2014-05-25,69.3,1.32,2.16
2014-05-26,63.8,1.22,2.06
2014-05-27,61.1,1.16,2.00
2014-05-28,82.6,1.54,2.38
2014-05-29,119,2.10,2.94
2014-05-30,111,1.99,2.83
2014-05-31,96.0,1.77,2.61
2014-06-01,100,1.84,2.68
2014-06-02,146,2.45,3.29
2014-06-03,205,3.15,3.99
2014-06-04,183,2.90,3.74
2014-06-05,146,2.46,3.30
2014-06-06,117,2.08,2.92
2014-06-07,96.2,1.77,2.61
2014-06-08,145,2.37,3.21
2014-06-09,381,4.72,5.56
2014-06-10,485,5.51,6.35
2014-06-11,454,5.29,6.13
2014-06-12,426,5.09,5.93
2014-06-13,447,5.24,6.08
2014-06-14,475,5.44,6.28
2014-06-15,507,5.66,6.50
2014-06-16,523,5.77,6.61
2014-06-17,515,5.71,6.55
2014-06-18,480,5.47,6.31
2014-06-19,413,4.99,5.83
2014-06-20,351,4.50,5.34
2014-06-21,297,4.04,4.88
2014-06-22,262,3.72,4.56
2014-06-23,230,3.41,4.25
2014-06-24,243,3.54,4.38
2014-06-25,309,4.14,4.98
2014-06-26,347,4.46,5.30
2014-06-27,350,4.49,5.33
2014-06-28,381,4.74,5.58
2014-06-29,405,4.93,5.77
2014-06-30,342,4.42,5.26
2014-07-01,290,3.98,4.82
2014-07-02,258,3.68,4.52
2014-07-03,231,3.42,4.26
2014-07-04,213,3.23,4.07
2014-07-05,225,3.35,4.19
2014-07-06,387,4.76,5.60
2014-07-07,521,5.75,6.59
2014-07-08,610,6.32,7.16
2014-07-09,901,7.95,8.79
2014-07-10,1120,8.97,9.81
2014-07-11,1170,9.18,10.02
2014-07-12,1110,8.94,9.78
2014-07-13,1110,8.91,9.75
2014-07-14,1290,9.60,10.44
2014-07-15,1410,9.97,10.81
2014-07-16,1410,9.97,10.81
2014-07-17,1300,9.62,10.46
2014-07-18,1210,9.30,10.14
2014-07-19,1110,8.94,9.78
2014-07-20,991,8.40,9.24
2014-07-21,847,7.68,8.52
2014-07-22,804,7.45,8.29
2014-07-23,867,7.78,8.62
2014-07-24,975,8.33,9.17
2014-07-25,1050,8.65,9.49
2014-07-26,983,8.38,9.22
2014-07-27,821,7.65,8.49
2014-07-28,691,7.11,7.95
2014-07-29,619,6.89,7.73
2014-07-30,554,6.69,7.53
2014-07-31,452,6.28,7.12
2014-08-01,337,5.73,6.57
2014-08-02,261,5.31,6.15
2014-08-03,248,5.23,6.07
2014-08-04,338,5.74,6.58
2014-08-05,635,7.06,7.90
2014-08-06,769,7.56,8.40
2014-08-07,755,7.52,8.36
2014-08-08,723,7.43,8.27
2014-08-09,713,7.43,8.27
2014-08-10,779,7.67,8.51
2014-08-11,911,8.13,8.97
2014-08-12,994,8.44,9.28
2014-08-13,911,8.15,8.99
2014-08-14,776,7.72,8.56
2014-08-15,662,7.35,8.19
2014-08-16,532,6.87,7.71
2014-08-17,437,6.48,7.32
2014-08-18,393,6.30,7.14
2014-08-19,354,6.13,6.97
2014-08-20,336,6.04,6.88
2014-08-21,303,5.87,6.71
2014-08-22,248,5.57,6.41
2014-08-23,202,5.30,6.14
2014-08-24,171,5.09,5.93
2014-08-25,152,4.94,5.78
2014-08-26,139,4.82,5.66
2014-08-27,124,4.68,5.52
2014-08-28,112,4.56,5.40
2014-08-29,101,4.46,5.30
2014-08-30,108,4.51,5.35
2014-08-31,130,4.67,5.51
2014-09-01,148,4.77,5.61
2014-09-02,147,4.74,5.58
2014-09-03,123,4.53,5.37
2014-09-04,106,4.36,5.20
2014-09-05,96.7,4.27,5.11
2014-09-06,139,4.65,5.49
2014-09-07,320,5.78,6.62
2014-09-08,635,7.15,7.99
2014-09-09,889,8.05,8.89
2014-09-10,938,8.23,9.07
2014-09-11,859,7.95,8.79
2014-09-12,680,7.36,8.20
2014-09-13,548,6.87,7.71
2014-09-14,449,6.46,7.30
2014-09-15,351,5.99,6.83
2014-09-16,275,5.58,6.42
2014-09-17,223,5.25,6.09
2014-09-18,201,5.10,5.94
2014-09-19,185,4.97,5.81
2014-09-20,179,4.93,5.77
2014-09-21,219,5.18,6.02
2014-09-22,300,5.65,6.49
2014-09-23,491,6.54,7.38
2014-09-24,818,7.85,8.69
2014-09-25,1020,8.58,9.42
2014-09-26,1320,9.68,10.52
2014-09-27,1700,10.71,11.55
2014-09-28,2320,11.83,12.67
2014-09-29,2600,12.25,13.09
2014-09-30,2330,11.86,12.70
2014-10-01,2310,11.83,12.67
2014-10-02,2720,12.48,13.32
2014-10-03,2510,12.28,13.12
2014-10-04,1990,11.59,12.43
2014-10-05,1550,10.83,11.67
2014-10-06,1210,10.10,10.94
2014-10-07,966,9.48,10.32
2014-10-08,791,8.94,9.78
2014-10-09,659,8.46,9.30
2014-10-10,566,8.06,8.90
2014-10-11,496,7.72,8.56
2014-10-12,440,7.43,8.27
2014-10-13,394,7.18,8.02
2014-10-14,355,6.97,7.81
2014-10-15,330,6.88,7.72
2014-10-16,319,6.79,7.63
2014-10-17,309,6.70,7.54
2014-10-18,306,6.64,7.48
2014-10-19,292,6.53,7.37
2014-10-20,275,6.41,7.25
2014-10-21,260,6.29,7.13
2014-10-22,245,6.16,7.00
2014-10-23,234,6.05,6.89
2014-10-24,222,5.92,6.76
2014-10-25,207,5.79,6.63
2014-10-26,194,5.66,6.50
2014-10-27,184,5.55,6.39
2014-10-28,172,5.43,6.27
2014-10-29,163,5.31,6.15
2014-10-30,154,5.20,6.04
2014-10-31,144,5.09,5.93
2014-11-01,133,4.93,5.77
2014-11-02,131,4.84,5.68
2014-11-03,123,4.73,5.57
2014-11-04,116,4.63,5.47
2014-11-05,112,4.54,5.38
2014-11-06,107,4.45,5.29
2014-11-07,104,4.36,5.20
2014-11-08,107,4.30,5.14
2014-11-09,108,4.27,5.11
2014-11-10,123,4.32,5.16
2014-11-11,135,4.39,5.23
2014-11-12,131,4.31,5.15
2014-11-13,124,4.20,5.04
2014-11-14,116,4.08,4.92
2014-11-15,113,3.99,4.83
2014-11-16,108,3.89,4.73
2014-11-17,112,3.89,4.73
2014-11-18,159,4.27,5.11
2014-11-19,206,4.59,5.43
2014-11-20,199,4.51,5.35
2014-11-21,180,4.32,5.16
2014-11-22,162,4.15,4.99
2014-11-23,152,4.03,4.87
2014-11-24,154,4.01,4.85
2014-11-25,342,5.24,6.08
2014-11-26,1120,9.45,10.29
2014-11-27,1560,10.90,11.74
2014-11-28,1630,11.08,11.92
2014-11-29,1520,10.81,11.65
2014-11-30,1330,10.23,11.07
2014-12-01,1140,9.56,10.40
2014-12-02,958,8.95,9.79
2014-12-03,820,8.44,9.28
2014-12-04,725,8.06,8.90
2014-12-05,661,7.77,8.61
2014-12-06,610,7.53,8.37
2014-12-07,569,7.30,8.14
2014-12-08,549,7.19,8.03
2014-12-09,542,7.12,7.96
2014-12-10,523,7.01,7.85
2014-12-11,497,6.86,7.70
2014-12-12,464,6.67,7.51
2014-12-13,428,6.47,7.31
2014-12-14,395,6.27,7.11
2014-12-15,369,6.09,6.93
2014-12-16,347,5.94,6.78
2014-12-17,321,5.75,6.59
2014-12-18,299,5.58,6.42
2014-12-19,283,5.44,6.28
2014-12-20,267,5.31,6.15
2014-12-21,255,5.18,6.02
2014-12-22,272,5.27,6.11
2014-12-23,325,5.56,6.40
2014-12-24,345,5.65,6.49
2014-12-25,347,5.63,6.47
2014-12-26,342,5.56,6.40
2014-12-27,316,5.38,6.22
2014-12-28,295,5.22,6.06
2014-12-29,277,5.07,5.91
2014-12-30,260,4.92,5.76
2014-12-31,266,4.92,5.76
2015-01-01,290,5.05,5.89
2015-01-02,281,4.97,5.81
2015-01-03,267,4.85,5.69
2015-01-04,254,4.73,5.57
2015-01-05,241,4.59,5.43
2015-01-06,227,4.45,5.29
2015-01-07,212,4.29,5.13
2015-01-08,200,4.13,4.97
2015-01-09,187,4.00,4.84
2015-01-10,175,3.87,4.71
2015-01-11,168,3.77,4.61
2015-01-12,173,3.78,4.62
2015-01-13,410,5.40,6.24
2015-01-14,766,7.38,8.22
2015-01-15,886,8.01,8.85
2015-01-16,826,7.69,8.53
2015-01-17,705,7.03,7.87
2015-01-18,585,6.34,7.18
2015-01-19,482,5.79,6.63
2015-01-20,411,5.37,6.21
2015-01-21,362,5.06,5.90
2015-01-22,330,4.83,5.67
2015-01-23,308,4.65,5.49
2015-01-24,292,4.53,5.37
2015-01-25,298,4.55,5.39
2015-01-26,296,4.50,5.34
2015-01-27,289,4.43,5.27
2015-01-28,275,4.31,5.15
2015-01-29,253,4.12,4.96
2015-01-30,234,3.95,4.79
2015-01-31,221,3.83,4.67
2015-02-01,210,3.70,4.54
2015-02-02,200,3.59,4.43
2015-02-03,197,3.54,4.38
2015-02-04,189,3.45,4.29
2015-02-05,227,3.77,4.61
2015-02-06,369,4.79,5.63
2015-02-07,447,5.34,6.18
2015-02-08,489,5.63,6.47
2015-02-09,495,5.67,6.51
2015-02-10,521,5.84,6.68
2015-02-11,544,5.99,6.83
2015-02-12,540,5.96,6.80
2015-02-13,532,5.91,6.75
2015-02-14,491,5.64,6.48
2015-02-15,424,5.17,6.01
2015-02-16,367,4.80,5.64
2015-02-17,347,4.66,5.50
2015-02-18,418,5.15,5.99
2015-02-19,526,5.87,6.71
2015-02-20,585,6.24,7.08
2015-02-21,596,6.31,7.15
2015-02-22,546,5.99,6.83
2015-02-23,472,5.51,6.35
2015-02-24,414,5.13,5.97
2015-02-25,377,4.90,5.74
2015-02-26,371,4.85,5.69
2015-02-27,377,4.87,5.71
2015-02-28,369,4.82,5.66
2015-03-01,391,4.96,5.80
2015-03-02,428,5.20,6.04
2015-03-03,431,5.22,6.06
2015-03-04,430,5.21,6.05
2015-03-05,413,5.10,5.94
2015-03-06,385,4.90,5.74
2015-03-07,350,4.66,5.50
2015-03-08,320,4.45,5.29
2015-03-09,292,4.24,5.08
2015-03-10,269,4.06,4.90
2015-03-11,254,3.92,4.76
2015-03-12,257,3.92,4.76
2015-03-13,243,3.79,4.63
2015-03-14,214,3.54,4.38
2015-03-15,196,3.36,4.20
2015-03-16,181,3.20,4.04
2015-03-17,168,3.05,3.89
2015-03-18,155,2.89,3.73
2015-03-19,149,2.79,3.63
2015-03-20,143,2.70,3.54
2015-03-21,138,2.61,3.45
2015-03-22,132,2.52,3.36
2015-03-23,128,2.46,3.30
2015-03-24,143,2.61,3.45
2015-03-25,143,2.59,3.43
2015-03-26,139,2.53,3.37
2015-03-27,130,2.42,3.26
2015-03-28,140,2.54,3.38
2015-03-29,147,2.63,3.47
2015-03-30,131,2.43,3.27
2015-03-31,119,2.26,3.10
2015-04-01,110,2.13,2.97
2015-04-02,104,2.05,2.89
2015-04-03,107,2.09,2.93
2015-04-04,101,2.00,2.84
2015-04-05,89.0,1.81,2.65
2015-04-06,84.0,1.73,2.57
2015-04-07,81.9,1.69,2.53
2015-04-08,81.1,1.68,2.52
2015-04-09,86.8,1.77,2.61
2015-04-10,80.7,1.67,2.51
2015-04-11,75.5,1.58,2.42
2015-04-12,75.7,1.58,2.42
2015-04-13,90.4,1.83,2.67
2015-04-14,161,2.76,3.60
2015-04-15,319,4.31,5.15
2015-04-16,420,5.09,5.93
2015-04-17,433,5.16,6.00
2015-04-18,642,6.51,7.35
2015-04-19,742,7.11,7.95
2015-04-20,678,6.74,7.58
2015-04-21,604,6.29,7.13
2015-04-22,553,5.96,6.80
2015-04-23,525,5.78,6.62
2015-04-24,493,5.56,6.40
2015-04-25,427,5.09,5.93
2015-04-26,351,4.50,5.34
2015-04-27,294,4.01,4.85
2015-04-28,251,3.62,4.46
2015-04-29,225,3.36,4.20
2015-04-30,210,3.20,4.04
2015-05-01,191,3.00,3.84
2015-05-02,177,2.84,3.68
2015-05-03,165,2.70,3.54
2015-05-04,152,2.54,3.38
2015-05-05,142,2.42,3.26
2015-05-06,132,2.29,3.13
2015-05-07,123,2.16,3.00
2015-05-08,121,2.14,2.98
2015-05-09,116,2.06,2.90
2015-05-10,108,1.95,2.79
2015-05-11,103,1.88,2.72
2015-05-12,105,1.91,2.75
2015-05-13,108,1.95,2.79
2015-05-14,105,1.90,2.74
2015-05-15,94.0,1.74,2.58
2015-05-16,102,1.87,2.71
2015-05-17,125,2.20,3.04
2015-05-18,112,2.00,2.84
2015-05-19,106,1.92,2.76
2015-05-20,104,1.89,2.73
2015-05-21,143,2.43,3.27
2015-05-22,124,2.18,3.02
2015-05-23,104,1.89,2.73
2015-05-24,90.0,1.67,2.51
2015-05-25,82.4,1.55,2.39
2015-05-26,76.6,1.45,2.29
2015-05-27,72.1,1.37,2.21
2015-05-28,67.0,1.28,2.12
2015-05-29,62.9,1.20,2.04
2015-05-30,60.0,1.14,1.98
2015-05-31,57.0,1.08,1.92
2015-06-01,57.1,1.08,1.92
2015-06-02,67.6,1.29,2.13
2015-06-03,68.3,1.30,2.14
2015-06-04,70.4,1.34,2.18
2015-06-05,70.7,1.34,2.18
2015-06-06,76.9,1.46,2.30
2015-06-07,80.5,1.52,2.36
2015-06-08,95.9,1.76,2.60
2015-06-09,107,1.93,2.77
2015-06-10,112,2.00,2.84
2015-06-11,151,2.53,3.37
2015-06-12,164,2.69,3.53
2015-06-13,155,2.58,3.42
2015-06-14,135,2.32,3.16
2015-06-15,119,2.10,2.94
2015-06-16,110,1.98,2.82
2015-06-17,101,1.84,2.68
2015-06-18,90.4,1.68,2.52
2015-06-19,82.8,1.56,2.40
2015-06-20,107,1.92,2.76
2015-06-21,235,3.45,4.29
2015-06-22,280,3.88,4.72
2015-06-23,231,3.42,4.26
2015-06-24,201,3.11,3.95
2015-06-25,206,3.16,4.00
2015-06-26,237,3.47,4.31
2015-06-27,267,3.77,4.61
2015-06-28,250,3.60,4.44
2015-06-29,207,3.17,4.01
2015-06-30,175,2.82,3.66
2015-07-01,153,2.56,3.40
2015-07-02,131,2.27,3.11
2015-07-03,141,2.41,3.25
2015-07-04,137,2.36,3.20
2015-07-05,123,2.16,3.00
2015-07-06,225,3.29,4.13
2015-07-07,525,5.76,6.60
2015-07-08,772,7.27,8.11
2015-07-09,850,7.70,8.54
2015-07-10,765,7.24,8.08
2015-07-11,632,6.46,7.30
2015-07-12,469,5.39,6.23
2015-07-13,360,4.57,5.41
2015-07-14,296,4.03,4.87
2015-07-15,237,3.48,4.32
2015-07-16,197,3.06,3.90
2015-07-17,187,2.96,3.80
2015-07-18,273,3.81,4.65
2015-07-19,324,4.28,5.12
2015-07-20,322,4.26,5.10
2015-07-21,287,3.95,4.79
2015-07-22,246,3.56,4.40
2015-07-23,244,3.55,4.39
2015-07-24,229,3.40,4.24
2015-07-25,265,3.75,4.59
2015-07-26,347,4.47,5.31
2015-07-27,419,5.03,5.87
2015-07-28,457,5.31,6.15
2015-07-29,470,5.40,6.24
2015-07-30,497,5.59,6.43
2015-07-31,555,5.98,6.82
2015-08-01,676,6.73,7.57
2015-08-02,851,7.70,8.54
2015-08-03,1160,9.11,9.95
2015-08-04,1400,9.90,10.74
2015-08-05,1340,9.75,10.59
2015-08-06,1140,9.03,9.87
2015-08-07,977,8.34,9.18
2015-08-08,817,7.52,8.36
2015-08-09,652,6.58,7.42
2015-08-10,530,5.81,6.65
2015-08-11,438,5.17,6.01
2015-08-12,375,4.69,5.53
2015-08-13,326,4.29,5.13
2015-08-14,322,4.26,5.10
2015-08-15,428,5.09,5.93
2015-08-16,652,6.57,7.41
2015-08-17,988,8.37,9.21
2015-08-18,1260,9.48,10.32
2015-08-19,1410,9.97,10.81
2015-08-20,1390,9.90,10.74
2015-08-21,1220,9.35,10.19
2015-08-22,1190,9.26,10.10
2015-08-23,1300,9.62,10.46
2015-08-24,1280,9.55,10.39
2015-08-25,1140,9.05,9.89
2015-08-26,944,8.17,9.01
2015-08-27,820,7.54,8.38
2015-08-28,959,8.25,9.09
2015-08-29,1190,9.21,10.05
2015-08-30,1380,9.88,10.72
2015-08-31,1650,10.59,11.43
2015-09-01,1930,11.20,12.04
2015-09-02,2220,11.69,12.53
2015-09-03,2410,11.98,12.82
2015-09-04,2250,11.72,12.56
2015-09-05,1930,11.20,12.04
2015-09-06,1750,10.83,11.67
2015-09-07,1690,10.69,11.53
2015-09-08,1550,10.35,11.19
2015-09-09,1390,9.89,10.73
2015-09-10,1250,9.44,10.28
2015-09-11,1180,9.19,10.03
2015-09-12,1120,,
2015-09-13,1030,,
2015-09-14,960,,
2015-09-15,971,8.32,9.16
2015-09-16,1340,9.72,10.56
2015-09-17,1720,10.77,11.61
2015-09-18,1580,10.42,11.26
2015-09-19,1350,9.79,10.63
2015-09-20,1240,9.42,10.26
2015-09-21,1230,9.40,10.24
2015-09-22,1210,9.32,10.16
2015-09-23,1110,8.91,9.75
2015-09-24,957,8.26,9.10
2015-09-25,809,7.66,8.50
2015-09-26,711,7.28,8.12
2015-09-27,833,7.75,8.59
2015-09-28,941,8.20,9.04
2015-09-29,921,8.11,8.95
2015-09-30,915,8.09,8.93
2015-10-01,937,8.19,9.03
2015-10-02,906,8.05,8.89
2015-10-03,802,7.65,8.49
2015-10-04,663,7.13,7.97
2015-10-05,545,6.63,7.47
2015-10-06,467,6.23,7.07
2015-10-07,415,5.91,6.75
2015-10-08,380,5.69,6.53
2015-10-09,356,5.52,6.36
2015-10-10,348,5.45,6.29
2015-10-11,334,5.35,6.19
2015-10-12,315,5.20,6.04
2015-10-13,289,5.00,5.84
2015-10-14,265,4.80,5.64
2015-10-15,246,4.63,5.47
2015-10-16,230,4.47,5.31
2015-10-17,213,4.31,5.15
2015-10-18,198,4.15,4.99
2015-10-19,188,4.02,4.86
2015-10-20,174,3.86,4.70
2015-10-21,162,3.73,4.57
2015-10-22,155,3.63,4.47
2015-10-23,151,3.55,4.39
2015-10-24,148,3.47,4.31
2015-10-25,142,3.38,4.22
2015-10-26,137,3.29,4.13
2015-10-27,131,3.21,4.05
2015-10-28,132,3.18,4.02
2015-10-29,138,3.20,4.04
2015-10-30,139,3.18,4.02
2015-10-31,135,3.10,3.94
2015-11-01,128,3.00,3.84
2015-11-02,123,2.90,3.74
2015-11-03,119,2.82,3.66
2015-11-04,118,2.78,3.62
2015-11-05,123,2.80,3.64
2015-11-06,127,2.81,3.65
2015-11-07,123,2.74,3.58
2015-11-08,120,2.67,3.51
2015-11-09,121,2.64,3.48
2015-11-10,117,2.57,3.41
2015-11-11,114,2.50,3.34
2015-11-12,112,2.45,3.29
2015-11-13,108,2.37,3.21
2015-11-14,104,2.30,3.14
2015-11-15,101,2.22,3.06
2015-11-16,96.0,2.13,2.97
2015-11-17,92.3,2.06,2.90
2015-11-18,92.6,2.03,2.87
2015-11-19,98.8,2.09,2.93
2015-11-20,115,2.28,3.12
2015-11-21,180,3.00,3.84
2015-11-22,318,4.27,5.11
2015-11-23,630,6.49,7.33
2015-11-24,827,7.58,8.42
2015-11-25,792,7.39,8.23
2015-11-26,619,6.38,7.22
2015-11-27,463,5.35,6.19
2015-11-28,370,4.65,5.49
2015-11-29,317,4.21,5.05
2015-11-30,283,3.91,4.75
2015-12-01,258,3.70,4.54
2015-12-02,241,3.55,4.39
2015-12-03,251,3.64,4.48
2015-12-04,295,4.02,4.86
2015-12-05,309,4.15,4.99
2015-12-06,290,3.98,4.82
2015-12-07,266,3.75,4.59
2015-12-08,246,3.57,4.41
2015-12-09,229,3.41,4.25
2015-12-10,215,3.29,4.13
2015-12-11,205,3.20,4.04
2015-12-12,196,3.11,3.95
2015-12-13,185,2.99,3.83
2015-12-14,183,2.96,3.80
2015-12-15,174,2.86,3.70
2015-12-16,164,2.74,3.58
2015-12-17,162,2.70,3.54
2015-12-18,156,2.63,3.47
2015-12-19,167,2.73,3.57
2015-12-20,168,2.74,3.58
2015-12-21,156,2.59,3.43
2015-12-22,148,2.49,3.33
2015-12-23,143,2.43,3.27
2015-12-24,140,2.39,3.23
2015-12-25,137,2.35,3.19
2015-12-26,135,2.32,3.16
2015-12-27,133,2.30,3.14
2015-12-28,134,2.31,3.15
2015-12-29,131,2.27,3.11
2015-12-30,128,2.23,3.07
2015-12-31,125,2.19,3.03
2016-01-01,123,2.17,3.01
2016-01-02,123,2.17,3.01
2016-01-03,121,2.14,2.98
2016-01-04,123,2.16,3.00
2016-01-05,125,2.19,3.03
2016-01-06,121,2.13,2.97
2016-01-07,119,2.11,2.95
2016-01-08,124,2.18,3.02
2016-01-09,135,2.32,3.16
2016-01-10,144,2.44,3.28
2016-01-11,156,2.59,3.43
2016-01-12,150,2.52,3.36
2016-01-13,135,2.33,3.17
2016-01-14,128,2.22,3.06
2016-01-15,132,2.28,3.12
2016-01-16,231,3.39,4.23
2016-01-17,345,4.45,5.29
2016-01-18,451,5.27,6.11
2016-01-19,524,5.77,6.61
2016-01-20,518,5.73,6.57
2016-01-21,442,5.20,6.04
2016-01-22,363,4.60,5.44
2016-01-23,315,4.20,5.04
2016-01-24,284,3.92,4.76
2016-01-25,255,3.65,4.49
2016-01-26,233,3.44,4.28
2016-01-27,302,4.05,4.89
2016-01-28,550,5.93,6.77
2016-01-29,796,7.40,8.24
2016-01-30,947,8.19,9.03
2016-01-31,1030,8.56,9.40
2016-02-01,968,8.29,9.13
2016-02-02,816,7.53,8.37
2016-02-03,661,6.69,7.53
2016-02-04,553,6.06,6.90
2016-02-05,487,5.66,6.50
2016-02-06,447,5.41,6.25
2016-02-07,435,5.37,6.21
2016-02-08,451,5.50,6.34
2016-02-09,444,5.49,6.33
2016-02-10,418,5.36,6.20
2016-02-11,374,5.08,5.92
2016-02-12,329,4.76,5.60
2016-02-13,293,4.50,5.34
2016-02-14,265,4.27,5.11
2016-02-15,243,4.10,4.94
2016-02-16,242,4.09,4.93
2016-02-17,266,4.28,5.12
2016-02-18,274,4.34,5.18
2016-02-19,289,4.47,5.31
2016-02-20,292,4.50,5.34
2016-02-21,276,4.39,5.23
2016-02-22,261,4.27,5.11
2016-02-23,246,4.16,5.00
2016-02-24,236,4.09,4.93
2016-02-25,238,4.09,4.93
2016-02-26,243,4.13,4.97
2016-02-27,229,4.01,4.85
2016-02-28,212,3.86,4.70
2016-02-29,196,3.72,4.56
2016-03-01,185,3.61,4.45
2016-03-02,176,3.51,4.35
2016-03-03,168,3.43,4.27
2016-03-04,161,3.35,4.19
2016-03-05,160,3.32,4.16
2016-03-06,153,3.23,4.07
2016-03-07,144,3.12,3.96
2016-03-08,137,3.03,3.87
2016-03-09,133,2.95,3.79
2016-03-10,128,2.87,3.71
2016-03-11,123,2.79,3.63
2016-03-12,116,2.70,3.54
2016-03-13,110,2.60,3.44
2016-03-14,107,2.54,3.38
2016-03-15,107,2.51,3.35
2016-03-16,104,2.45,3.29
2016-03-17,101,2.37,3.21
2016-03-18,94.4,2.26,3.10
2016-03-19,90.9,2.19,3.03
2016-03-20,92.7,2.19,3.03
2016-03-21,102,2.27,3.11
2016-03-22,105,2.28,3.12
2016-03-23,97.2,2.14,2.98
2016-03-24,92.8,2.06,2.90
2016-03-25,129,2.50,3.34
2016-03-26,371,4.64,5.48
2016-03-27,702,6.86,7.70
2016-03-28,936,8.14,8.98
2016-03-29,917,8.04,8.88
2016-03-30,795,7.40,8.24
2016-03-31,672,6.70,7.54
2016-04-01,557,5.99,6.83
2016-04-02,469,5.40,6.24
2016-04-03,411,4.97,5.81
2016-04-04,372,4.67,5.51
2016-04-05,331,4.37,5.21
2016-04-06,292,4.06,4.90
2016-04-07,256,3.76,4.60
2016-04-08,226,3.50,4.34
2016-04-09,203,3.28,4.12
2016-04-10,183,3.06,3.90
2016-04-11,168,2.89,3.73
2016-04-12,155,2.73,3.57
2016-04-13,148,2.63,3.47
2016-04-14,151,2.64,3.48
2016-04-15,153,2.64,3.48
2016-04-16,148,2.56,3.40
2016-04-17,138,2.43,3.27
2016-04-18,125,2.28,3.12
2016-04-19,113,2.13,2.97
2016-04-20,105,2.02,2.86
2016-04-21,97.1,1.91,2.75
2016-04-22,92.4,1.83,2.67
2016-04-23,91.7,1.83,2.67
2016-04-24,96.8,1.89,2.73
2016-04-25,92.8,1.82,2.66
2016-04-26,88.0,1.73,2.57
2016-04-27,84.6,1.67,2.51
2016-04-28,81.3,1.60,2.44
2016-04-29,81.5,1.58,2.42
2016-04-30,91.3,1.72,2.56
2016-05-01,95.6,1.76,2.60
2016-05-02,85.8,1.60,2.44
2016-05-03,86.7,1.62,2.46
2016-05-04,127,2.21,3.05
2016-05-05,165,2.70,3.54
2016-05-06,189,2.97,3.81
2016-05-07,175,2.82,3.66
2016-05-08,151,2.53,3.37
2016-05-09,131,2.27,3.11
2016-05-10,115,2.05,2.89
2016-05-11,105,1.91,2.75
2016-05-12,98.0,1.80,2.64
2016-05-13,92.5,1.71,2.55
2016-05-14,87.3,1.63,2.47
2016-05-15,82.3,1.55,2.39
2016-05-16,79.0,1.49,2.33
2016-05-17,76.3,1.44,2.28
2016-05-18,96.4,1.77,2.61
2016-05-19,159,2.62,3.46
2016-05-20,168,2.73,3.57
2016-05-21,152,2.54,3.38
2016-05-22,134,2.30,3.14
2016-05-23,119,2.10,2.94
2016-05-24,108,1.95,2.79
2016-05-25,111,1.99,2.83
2016-05-26,121,2.14,2.98
2016-05-27,107,1.93,2.77
2016-05-28,99.6,1.82,2.66
2016-05-29,92.9,1.72,2.56
2016-05-30,97.4,1.79,2.63
2016-05-31,148,2.48,3.32
2016-06-01,209,3.19,4.03
2016-06-02,192,3.01,3.85
2016-06-03,167,2.72,3.56
2016-06-04,133,2.29,3.13
2016-06-05,110,1.97,2.81
2016-06-06,108,1.95,2.79
2016-06-07,195,3.00,3.84
2016-06-08,371,4.66,5.50
2016-06-09,429,5.10,5.94
2016-06-10,399,4.88,5.72
2016-06-11,319,4.23,5.07
2016-06-12,252,3.62,4.46
2016-06-13,216,3.26,4.10
2016-06-14,219,3.30,4.14
2016-06-15,205,3.15,3.99
2016-06-16,251,3.61,4.45
2016-06-17,273,3.82,4.66
2016-06-18,261,3.71,4.55
2016-06-19,275,3.84,4.68
2016-06-20,362,4.59,5.43
2016-06-21,396,4.85,5.69
2016-06-22,378,4.71,5.55
2016-06-23,327,4.30,5.14
2016-06-24,273,3.82,4.66
2016-06-25,233,3.44,4.28
2016-06-26,203,3.13,3.97
2016-06-27,181,2.92,3.76
2016-06-28,167,2.78,3.62
2016-06-29,176,2.89,3.73
2016-06-30,281,3.88,4.72
2016-07-01,498,5.59,6.43
2016-07-02,601,6.27,7.11
2016-07-03,574,6.10,6.94
2016-07-04,569,6.07,6.91
2016-07-05,548,5.93,6.77
2016-07-06,465,5.36,6.20
2016-07-07,369,4.64,5.48
2016-07-08,295,4.04,4.88
2016-07-09,243,3.63,4.47
2016-07-10,227,3.49,4.33
2016-07-11,197,3.22,4.06
2016-07-12,174,3.00,3.84
2016-07-13,163,2.87,3.71
2016-07-14,167,2.91,3.75
2016-07-15,164,2.86,3.70
2016-07-16,156,2.76,3.60
2016-07-17,137,2.55,3.39
2016-07-18,127,2.43,3.27
2016-07-19,132,2.47,3.31
2016-07-20,136,2.50,3.34
2016-07-21,170,2.86,3.70
2016-07-22,181,2.96,3.80
2016-07-23,207,3.21,4.05
2016-07-24,214,3.27,4.11
2016-07-25,215,3.27,4.11
2016-07-26,173,2.86,3.70
2016-07-27,151,2.61,3.45
2016-07-28,131,2.37,3.21
2016-07-29,116,2.17,3.01
2016-07-30,124,2.24,3.08
2016-07-31,158,2.62,3.46
2016-08-01,151,2.53,3.37
2016-08-02,141,2.40,3.24
2016-08-03,131,2.27,3.11
2016-08-04,150,2.51,3.35
2016-08-05,207,3.15,3.99
2016-08-06,331,4.33,5.17
2016-08-07,345,4.45,5.29
2016-08-08,284,3.93,4.77
2016-08-09,259,3.69,4.53
2016-08-10,299,4.05,4.89
2016-08-11,358,4.56,5.40
2016-08-12,320,4.24,5.08
2016-08-13,285,3.93,4.77
2016-08-14,248,3.59,4.43
2016-08-15,242,3.53,4.37
2016-08-16,252,3.64,4.48
2016-08-17,256,3.67,4.51
2016-08-18,293,4.02,4.86
2016-08-19,353,4.54,5.38
2016-08-20,346,4.48,5.32
2016-08-21,287,3.97,4.81
2016-08-22,235,3.48,4.32
2016-08-23,196,3.07,3.91
2016-08-24,166,2.73,3.57
2016-08-25,153,2.58,3.42
2016-08-26,167,2.74,3.58
2016-08-27,167,2.74,3.58
2016-08-28,153,2.58,3.42
2016-08-29,150,2.54,3.38
2016-08-30,163,2.70,3.54
2016-08-31,238,3.52,4.36
2016-09-01,316,4.26,5.10
2016-09-02,413,5.05,5.89
2016-09-03,497,5.67,6.51
2016-09-04,560,6.11,6.95
2016-09-05,628,6.54,7.38
2016-09-06,847,7.72,8.56
2016-09-07,1070,8.75,9.59
2016-09-08,1120,8.97,9.81
2016-09-09,1030,8.57,9.41
2016-09-10,836,7.68,8.52
2016-09-11,640,6.63,7.47
2016-09-12,503,5.74,6.58
2016-09-13,418,5.13,5.97
2016-09-14,399,4.98,5.82
2016-09-15,438,5.29,6.13
2016-09-16,506,5.78,6.62
2016-09-17,534,5.98,6.82
2016-09-18,525,5.92,6.76
2016-09-19,471,5.54,6.38
2016-09-20,409,5.08,5.92
2016-09-21,420,5.17,6.01
2016-09-22,513,5.85,6.69
2016-09-23,541,6.05,6.89
2016-09-24,492,5.72,6.56
2016-09-25,467,5.54,6.38
2016-09-26,437,5.32,6.16
2016-09-27,413,5.14,5.98
2016-09-28,409,5.10,5.94
2016-09-29,389,4.95,5.79
2016-09-30,373,4.82,5.66
2016-10-01,432,5.29,6.13
2016-10-02,516,5.92,6.76
2016-10-03,539,6.08,6.92
2016-10-04,537,6.07,6.91
2016-10-05,525,5.99,6.83
2016-10-06,517,5.94,6.78
2016-10-07,864,7.82,8.66
2016-10-08,1370,9.82,10.66
2016-10-09,1840,11.01,11.85
2016-10-10,2120,11.52,12.36
2016-10-11,1900,11.13,11.97
2016-10-12,1550,10.34,11.18
2016-10-13,1270,9.53,10.37
2016-10-14,1060,8.81,9.65
2016-10-15,870,8.20,9.04
2016-10-16,732,7.74,8.58
2016-10-17,634,7.38,8.22
2016-10-18,554,7.07,7.91
2016-10-19,494,6.82,7.66
2016-10-20,449,6.61,7.45
2016-10-21,413,6.42,7.26
2016-10-22,384,6.24,7.08
2016-10-23,356,6.07,6.91
2016-10-24,329,5.90,6.74
2016-10-25,304,5.74,6.58
2016-10-26,288,5.63,6.47
2016-10-27,271,5.50,6.34
2016-10-28,252,5.36,6.20
2016-10-29,240,5.26,6.10
2016-10-30,226,5.14,5.98
2016-10-31,213,5.02,5.86
2016-11-01,204,4.92,5.76
2016-11-02,197,4.83,5.67
2016-11-03,185,4.72,5.56
2016-11-04,175,4.60,5.44
2016-11-05,169,4.52,5.36
2016-11-06,164,4.46,5.30
2016-11-07,161,4.38,5.22
2016-11-08,156,4.29,5.13
2016-11-09,150,4.20,5.04
2016-11-10,146,4.12,4.96
2016-11-11,141,4.03,4.87
2016-11-12,135,3.94,4.78
2016-11-13,130,3.85,4.69
2016-11-14,125,3.76,4.60
2016-11-15,121,3.67,4.51
2016-11-16,117,3.59,4.43
2016-11-17,112,3.50,4.34
2016-11-18,107,3.41,4.25
2016-11-19,101,3.31,4.15
2016-11-20,98.5,3.21,4.05
2016-11-21,94.5,3.14,3.98
2016-11-22,91.2,3.06,3.90
2016-11-23,88.3,2.96,3.80
2016-11-24,86.1,2.88,3.72
2016-11-25,84.8,2.81,3.65
2016-11-26,82.5,2.73,3.57
2016-11-27,81.5,2.65,3.49
2016-11-28,80.1,2.58,3.42
2016-11-29,77.1,2.49,3.33
2016-11-30,74.5,2.40,3.24
2016-12-01,75.0,2.34,3.18
2016-12-02,74.5,2.27,3.11
2016-12-03,74.0,2.19,3.03
2016-12-04,73.5,2.13,2.97
2016-12-05,72.8,2.05,2.89
2016-12-06,73.5,2.00,2.84
2016-12-07,81.1,2.05,2.89
2016-12-08,105,2.30,3.14
2016-12-09,111,2.34,3.18
2016-12-10,105,2.22,3.06
2016-12-11,96.0,2.06,2.90
2016-12-12,89.8,1.95,2.79
2016-12-13,87.4,1.88,2.72
2016-12-14,85.9,1.82,2.66
2016-12-15,85.7,1.78,2.62
2016-12-16,86.0,1.74,2.58
2016-12-17,84.3,1.68,2.52
2016-12-18,84.1,1.65,2.49
2016-12-19,91.0,1.75,2.59
2016-12-20,95.1,1.78,2.62
2016-12-21,104,1.89,2.73
2016-12-22,105,1.90,2.74
2016-12-23,96.2,1.77,2.61
2016-12-24,88.7,1.65,2.49
2016-12-25,84.8,1.59,2.43
2016-12-26,82.7,1.55,2.39
2016-12-27,80.6,1.52,2.36
2016-12-28,79.4,1.50,2.34
2016-12-29,78.1,1.48,2.32
2016-12-30,77.4,1.46,2.30
2016-12-31,76.0,1.44,2.28
2017-01-01,74.0,1.40,2.24
2017-01-02,73.4,1.39,2.23
2017-01-03,72.9,1.38,2.22
2017-01-04,75.0,1.42,2.26
2017-01-05,77.2,1.46,2.30
2017-01-06,77.9,1.47,2.31
2017-01-07,104,1.89,2.73
2017-01-08,183,2.90,3.74
2017-01-09,212,3.22,4.06
2017-01-10,184,2.91,3.75
2017-01-11,148,2.50,3.34
2017-01-12,125,2.19,3.03
2017-01-13,111,2.00,2.84
2017-01-14,103,1.87,2.71
2017-01-15,98.6,1.81,2.65
2017-01-16,95.8,1.76,2.60
2017-01-17,91.0,1.69,2.53
2017-01-18,87.2,1.63,2.47
2017-01-19,85.3,1.60,2.44
2017-01-20,84.3,1.58,2.42
2017-01-21,83.0,1.56,2.40
2017-01-22,80.2,1.51,2.35
2017-01-23,94.8,1.74,2.58
2017-01-24,152,2.54,3.38
2017-01-25,156,2.59,3.43
2017-01-26,128,2.23,3.07
2017-01-27,110,1.97,2.81
2017-01-28,99.2,1.82,2.66
2017-01-29,93.2,1.72,2.56
2017-01-30,92.2,1.71,2.55
2017-01-31,93.4,1.73,2.57
2017-02-01,90.3,1.68,2.52
2017-02-02,86.7,1.62,2.46
2017-02-03,84.2,1.58,2.42
2017-02-04,82.7,1.55,2.39
2017-02-05,81.1,1.53,2.37
2017-02-06,80.7,1.52,2.36
2017-02-07,80.0,1.51,2.35
2017-02-08,82.3,1.55,2.39
2017-02-09,99.9,1.83,2.67
2017-02-10,107,1.93,2.77
2017-02-11,96.2,1.77,2.61
2017-02-12,86.9,1.62,2.46
2017-02-13,81.3,1.53,2.37
2017-02-14,79.1,1.49,2.33
2017-02-15,78.5,1.48,2.32
2017-02-16,77.4,1.46,2.30
2017-02-17,75.3,1.43,2.27
2017-02-18,84.6,1.58,2.42
2017-02-19,87.9,1.64,2.48
2017-02-20,91.6,1.70,2.54
2017-02-21,93.6,1.73,2.57
2017-02-22,96.4,1.77,2.61
2017-02-23,146,2.44,3.28
2017-02-24,210,3.21,4.05
2017-02-25,191,3.00,3.84
2017-02-26,161,2.66,3.50
2017-02-27,142,2.43,3.27
2017-02-28,128,2.25,3.09
2017-03-01,119,2.13,2.97
2017-03-02,110,2.00,2.84
2017-03-03,104,1.92,2.76
2017-03-04,95.4,1.80,2.64
2017-03-05,88.5,1.69,2.53
2017-03-06,85.1,1.64,2.48
2017-03-07,81.2,1.58,2.42
2017-03-08,78.1,1.53,2.37
2017-03-09,74.8,1.48,2.32
2017-03-10,71.5,1.42,2.26
2017-03-11,61.8,1.25,2.09
2017-03-12,64.6,1.31,2.15
2017-03-13,65.5,1.33,2.17
2017-03-14,55.5,1.13,1.97
2017-03-15,52.7,1.08,1.92
2017-03-16,49.9,1.03,1.87
2017-03-17,47.8,0.99,1.83
2017-03-18,45.2,0.93,1.77
2017-03-19,44.1,0.91,1.75
2017-03-20,43.0,0.89,1.73
2017-03-21,41.6,0.86,1.70
2017-03-22,40.6,0.85,1.69
2017-03-23,39.6,0.82,1.66
2017-03-24,39.2,0.82,1.66
2017-03-25,38.1,0.80,1.64
2017-03-26,36.8,0.77,1.61
2017-03-27,35.8,0.75,1.59
2017-03-28,34.2,,
2017-03-29,31.4,,
2017-03-30,29.5,0.60,1.44
2017-03-31,28.3,0.57,1.41
2017-04-01,27.7,0.56,1.40
2017-04-02,26.5,0.52,1.36
2017-04-03,25.9,0.51,1.35
2017-04-04,27.2,0.55,1.39
2017-04-05,28.2,0.58,1.42
2017-04-06,29.1,0.61,1.45
2017-04-07,26.3,0.53,1.37
2017-04-08,26.5,0.53,1.37
2017-04-09,27.0,0.55,1.39
2017-04-10,26.2,0.52,1.36
2017-04-11,25.9,0.51,1.35
2017-04-12,25.6,0.51,1.35
2017-04-13,24.9,0.48,1.32
2017-04-14,25.0,0.49,1.33
2017-04-15,24.3,0.47,1.31
2017-04-16,24.5,0.47,1.31
2017-04-17,24.0,0.46,1.30
2017-04-18,23.7,0.45,1.29
2017-04-19,23.4,0.44,1.28
2017-04-20,22.9,0.42,1.26
2017-04-21,22.5,0.41,1.25
2017-04-22,22.1,0.40,1.24
2017-04-23,22.2,0.40,1.24
2017-04-24,22.2,0.40,1.24
2017-04-25,21.9,0.39,1.23
2017-04-26,20.9,0.36,1.20
2017-04-27,20.9,0.36,1.20
2017-04-28,20.7,0.35,1.19
2017-04-29,20.7,0.35,1.19
2017-04-30,20.7,0.35,1.19
2017-05-01,20.2,0.34,1.18
2017-05-02,20.7,0.35,1.19
2017-05-03,24.1,0.46,1.30
2017-05-04,28.7,0.60,1.44
2017-05-05,28.4,0.59,1.43
2017-05-06,29.4,0.61,1.45
2017-05-07,29.0,0.60,1.44
2017-05-08,26.8,0.54,1.38
2017-05-09,24.3,0.47,1.31
2017-05-10,23.0,0.43,1.27
2017-05-11,21.6,0.38,1.22
2017-05-12,19.9,0.32,1.16
2017-05-13,19.5,0.31,1.15
2017-05-14,20.5,0.34,1.18
2017-05-15,23.0,0.43,1.27
2017-05-16,23.5,0.44,1.28
2017-05-17,22.1,0.40,1.24
2017-05-18,20.0,0.33,1.17
2017-05-19,19.6,0.32,1.16
2017-05-20,19.6,0.31,1.15
2017-05-21,18.1,0.26,1.10
2017-05-22,17.7,0.25,1.09
2017-05-23,19.0,0.29,1.13
2017-05-24,30.1,0.63,1.47
2017-05-25,34.5,0.75,1.59
2017-05-26,31.6,0.68,1.52
2017-05-27,27.2,0.55,1.39
2017-05-28,25.0,0.49,1.33
2017-05-29,22.9,0.42,1.26
2017-05-30,20.4,0.34,1.18
2017-05-31,23.0,0.41,1.25
2017-06-01,58.4,1.24,2.08
2017-06-02,67.3,1.37,2.21
2017-06-03,77.2,1.51,2.35
2017-06-04,77.5,1.47,2.31
2017-06-05,65.9,1.25,2.09
2017-06-06,57.7,1.10,1.94
2017-06-07,81.0,1.51,2.35
2017-06-08,134,2.31,3.15
2017-06-09,206,3.15,3.99
2017-06-10,263,3.73,4.57
2017-06-11,244,3.55,4.39
2017-06-12,246,3.55,4.39
2017-06-13,355,4.53,5.37
2017-06-14,344,4.44,5.28
2017-06-15,354,4.52,5.36
2017-06-16,411,4.97,5.81
2017-06-17,486,5.51,6.35
2017-06-18,514,5.71,6.55
2017-06-19,521,5.75,6.59
2017-06-20,554,5.97,6.81
2017-06-21,540,5.88,6.72
2017-06-22,475,5.44,6.28
2017-06-23,404,4.92,5.76
2017-06-24,324,4.27,5.11
2017-06-25,256,3.66,4.50
2017-06-26,228,3.38,4.22
2017-06-27,318,4.21,5.05
2017-06-28,484,5.50,6.34
2017-06-29,527,5.79,6.63
2017-06-30,533,5.83,6.67
2017-07-01,522,5.76,6.60
2017-07-02,592,6.21,7.05
2017-07-03,948,8.17,9.01
2017-07-04,1220,9.35,10.19
2017-07-05,1230,9.40,10.24
2017-07-06,1190,9.26,10.10
2017-07-07,1140,9.03,9.87
2017-07-08,990,8.39,9.23
2017-07-09,801,7.43,8.27
2017-07-10,623,6.41,7.25
2017-07-11,506,5.65,6.49
2017-07-12,417,5.02,5.86
2017-07-13,364,4.61,5.45
2017-07-14,347,4.47,5.31
2017-07-15,317,4.21,5.05
2017-07-16,278,3.86,4.70
2017-07-17,245,3.56,4.40
2017-07-18,257,3.67,4.51
2017-07-19,413,4.96,5.80
2017-07-20,734,7.05,7.89
2017-07-21,883,7.87,8.71
2017-07-22,954,8.23,9.07
2017-07-23,936,8.14,8.98
2017-07-24,802,7.44,8.28
2017-07-25,664,6.66,7.50
2017-07-26,604,6.29,7.13
2017-07-27,516,5.72,6.56
2017-07-28,430,5.11,5.95
2017-07-29,404,4.92,5.76
2017-07-30,425,5.08,5.92
2017-07-31,441,5.19,6.03
2017-08-01,536,5.85,6.69
2017-08-02,602,6.28,7.12
2017-08-03,642,6.53,7.37
2017-08-04,636,6.49,7.33
2017-08-05,617,6.37,7.21
2017-08-06,613,6.35,7.19
2017-08-07,647,6.55,7.39
2017-08-08,635,6.48,7.32
2017-08-09,557,5.99,6.83
2017-08-10,454,5.35,6.19
2017-08-11,366,4.83,5.67
2017-08-12,328,4.60,5.44
2017-08-13,449,5.38,6.22
2017-08-14,613,6.34,7.18
2017-08-15,635,6.48,7.32
2017-08-16,526,5.85,6.69
2017-08-17,400,5.15,5.99
2017-08-18,494,5.68,6.52
2017-08-19,589,6.20,7.04
2017-08-20,579,6.14,6.98
2017-08-21,491,5.68,6.52
2017-08-22,440,5.40,6.24
2017-08-23,375,5.01,5.85
2017-08-24,305,4.54,5.38
2017-08-25,272,4.30,5.14
2017-08-26,284,4.39,5.23
2017-08-27,347,4.81,5.65
2017-08-28,467,5.53,6.37
2017-08-29,473,5.57,6.41
2017-08-30,481,5.62,6.46
2017-08-31,447,5.43,6.27
2017-09-01,442,5.44,6.28
2017-09-02,427,5.43,6.27
2017-09-03,424,5.43,6.27
2017-09-04,459,5.63,6.47
2017-09-05,562,6.20,7.04
2017-09-06,591,6.36,7.20
2017-09-07,633,6.56,7.40
2017-09-08,588,6.35,7.19
2017-09-09,602,6.47,7.31
2017-09-10,1200,8.56,9.40
2017-09-11,5180,14.97,15.81
2017-09-12,8840,17.59,18.43
2017-09-13,8570,17.43,18.27
2017-09-14,6410,16.01,16.85
2017-09-15,4550,14.46,15.30
2017-09-16,3270,13.29,14.13
2017-09-17,2400,12.57,13.41
2017-09-18,1870,12.07,12.91
2017-09-19,1590,11.69,12.53
2017-09-20,1380,11.29,12.13
2017-09-21,1210,10.92,11.76
2017-09-22,1070,10.60,11.44
2017-09-23,970,10.34,11.18
2017-09-24,949,10.27,11.11
2017-09-25,918,10.16,11.00
2017-09-26,839,9.92,10.76
2017-09-27,751,9.65,10.49
2017-09-28,675,9.40,10.24
2017-09-29,618,9.17,10.01
2017-09-30,563,8.99,9.83
2017-10-01,529,8.86,9.70
2017-10-02,542,8.95,9.79
2017-10-03,569,9.03,9.87
2017-10-04,582,9.07,9.91
2017-10-05,586,9.13,9.97
2017-10-06,581,9.14,9.98
2017-10-07,564,9.10,9.94
2017-10-08,550,9.06,9.90
2017-10-09,559,9.09,9.93
2017-10-10,621,9.27,10.11
2017-10-11,701,9.50,10.34
2017-10-12,737,9.59,10.43
2017-10-13,710,9.51,10.35
2017-10-14,704,9.51,10.35
2017-10-15,657,9.36,10.20
2017-10-16,605,9.18,10.02
2017-10-17,582,9.07,9.91
2017-10-18,576,9.08,9.92
2017-10-19,584,9.08,9.92
2017-10-20,583,9.06,9.90
2017-10-21,550,8.94,9.78
2017-10-22,507,8.77,9.61
2017-10-23,472,8.61,9.45
2017-10-24,449,8.54,9.38
2017-10-25,447,8.46,9.30
2017-10-26,438,8.40,9.24
2017-10-27,422,8.32,9.16
2017-10-28,399,8.22,9.06
2017-10-29,376,8.11,8.95
2017-10-30,363,8.01,8.85
2017-10-31,345,7.91,8.75
2017-11-01,325,7.81,8.65
2017-11-02,309,7.71,8.55
2017-11-03,297,7.61,8.45
2017-11-04,283,7.51,8.35
2017-11-05,271,7.42,8.26
2017-11-06,262,7.33,8.17
2017-11-07,252,7.24,8.08
2017-11-08,242,7.14,7.98
2017-11-09,234,7.04,7.88
2017-11-10,230,6.93,7.77
2017-11-11,228,6.86,7.70
2017-11-12,220,6.79,7.63
2017-11-13,212,6.66,7.50
2017-11-14,207,6.56,7.40
2017-11-15,198,6.45,7.29
2017-11-16,189,6.35,7.19
2017-11-17,182,6.26,7.10
2017-11-18,176,6.17,7.01
2017-11-19,168,6.06,6.90
2017-11-20,169,5.97,6.81
2017-11-21,162,5.90,6.74
2017-11-22,163,5.84,6.68
2017-11-23,164,5.80,6.64
2017-11-24,161,,
2017-11-25,160,5.67,6.51
2017-11-26,156,5.59,6.43
2017-11-27,150,5.51,6.35
2017-11-28,150,5.44,6.28
2017-11-29,144,5.36,6.20
2017-11-30,142,5.27,6.11
2017-12-01,139,5.19,6.03
2017-12-02,135,5.11,5.95
2017-12-03,131,5.01,5.85
2017-12-04,126,4.93,5.77
2017-12-05,120,4.84,5.68
2017-12-06,113,4.74,5.58
2017-12-07,113,4.65,5.49
2017-12-08,111,4.56,5.40
2017-12-09,110,4.49,5.33
2017-12-10,126,4.50,5.34
2017-12-11,127,4.45,5.29
2017-12-12,117,4.30,5.14
2017-12-13,111,4.19,5.03
2017-12-14,108,4.10,4.94
2017-12-15,103,3.99,4.83
2017-12-16,98.7,3.89,4.73
2017-12-17,95.1,3.80,4.64
2017-12-18,91.3,3.69,4.53
2017-12-19,89.8,3.61,4.45
2017-12-20,86.5,3.51,4.35
2017-12-21,84.0,3.41,4.25
2017-12-22,83.0,3.33,4.17
2017-12-23,82.9,3.25,4.09
2017-12-24,79.6,3.16,4.00
2017-12-25,79.0,3.08,3.92
2017-12-26,79.2,3.00,3.84
2017-12-27,76.8,2.91,3.75
2017-12-28,74.3,2.81,3.65
2017-12-29,73.9,2.73,3.57
2017-12-30,74.4,2.68,3.52
2017-12-31,74.8,2.62,3.46
2018-01-01,74.8,2.56,3.40
2018-01-02,77.5,2.51,3.35
2018-01-03,84.9,2.60,3.44
2018-01-04,128,3.06,3.90
2018-01-05,167,3.41,4.25
2018-01-06,157,3.31,4.15
2018-01-07,138,3.10,3.94
2018-01-08,122,2.92,3.76
2018-01-09,113,2.81,3.65
2018-01-10,111,2.78,3.62
2018-01-11,108,2.73,3.57
2018-01-12,106,2.69,3.53
2018-01-13,103,2.64,3.48
2018-01-14,99.2,2.55,3.39
2018-01-15,94.4,2.47,3.31
2018-01-16,90.6,2.40,3.24
2018-01-17,86.5,2.32,3.16
2018-01-18,84.6,2.26,3.10
2018-01-19,82.3,2.21,3.05
2018-01-20,80.8,2.15,2.99
2018-01-21,80.2,2.11,2.95
2018-01-22,80.1,2.09,2.93
2018-01-23,80.4,2.07,2.91
2018-01-24,82.7,2.07,2.91
2018-01-25,82.7,2.04,2.88
2018-01-26,81.0,1.99,2.83
2018-01-27,78.4,1.92,2.76
2018-01-28,78.4,1.90,2.74
2018-01-29,88.4,2.04,2.88
2018-01-30,119,2.44,3.28
2018-01-31,139,2.67,3.51
2018-02-01,134,2.60,3.44
2018-02-02,120,2.42,3.26
2018-02-03,110,2.28,3.12
2018-02-04,103,2.18,3.02
2018-02-05,103,2.17,3.01
2018-02-06,109,2.25,3.09
2018-02-07,108,2.21,3.05
2018-02-08,103,2.13,2.97
2018-02-09,99.1,2.08,2.92
2018-02-10,96.4,2.02,2.86
2018-02-11,93.6,1.97,2.81
2018-02-12,92.1,1.93,2.77
2018-02-13,91.5,1.91,2.75
2018-02-14,90.8,1.89,2.73
2018-02-15,89.4,1.86,2.70
2018-02-16,87.5,1.83,2.67
2018-02-17,85.9,1.81,2.65
2018-02-18,83.4,1.76,2.60
2018-02-19,81.5,1.73,2.57
2018-02-20,79.5,1.70,2.54
2018-02-21,77.9,1.67,2.51
2018-02-22,76.8,1.65,2.49
2018-02-23,74.5,1.61,2.45
2018-02-24,70.9,1.55,2.39
2018-02-25,69.5,1.52,2.36
2018-02-26,68.5,1.50,2.34
2018-02-27,67.4,1.48,2.32
2018-02-28,66.0,1.46,2.30
2018-03-01,63.2,1.41,2.25
2018-03-02,61.6,1.37,2.21
2018-03-03,59.1,1.33,2.17
2018-03-04,56.0,1.26,2.10
2018-03-05,53.6,1.21,2.05
2018-03-06,51.7,1.17,2.01
2018-03-07,51.5,1.17,2.01
2018-03-08,52.1,1.18,2.02
2018-03-09,52.7,1.19,2.03
2018-03-10,50.9,1.16,2.00
2018-03-11,49.1,1.12,1.96
2018-03-12,49.1,1.12,1.96
2018-03-13,49.2,1.12,1.96
2018-03-14,47.8,1.09,1.93
2018-03-15,46.8,1.07,1.91
2018-03-16,45.4,1.04,1.88
2018-03-17,44.4,1.01,1.85
2018-03-18,43.5,0.99,1.83
2018-03-19,43.7,1.00,1.84
2018-03-20,54.5,1.22,2.06
2018-03-21,152,2.59,3.43
2018-03-22,292,4.01,4.85
2018-03-23,266,3.75,4.59
2018-03-24,194,3.02,3.86
2018-03-25,145,2.45,3.29
2018-03-26,119,2.11,2.95
2018-03-27,105,1.90,2.74
2018-03-28,94.3,1.74,2.58
2018-03-29,85.5,1.60,2.44
2018-03-30,78.7,1.49,2.33
2018-03-31,74.9,1.42,2.26
2018-04-01,71.8,1.36,2.20
2018-04-02,69.8,1.33,2.17
2018-04-03,68.0,1.30,2.14
2018-04-04,65.9,1.26,2.10
2018-04-05,63.0,1.20,2.04
2018-04-06,60.5,1.15,1.99
2018-04-07,58.2,1.11,1.95
2018-04-08,58.5,1.11,1.95
2018-04-09,58.8,1.12,1.96
2018-04-10,61.9,1.18,2.02
2018-04-11,86.8,1.61,2.45
2018-04-12,123,2.16,3.00
2018-04-13,121,2.13,2.97
2018-04-14,103,1.87,2.71
2018-04-15,87.1,1.63,2.47
2018-04-16,77.4,1.46,2.30
2018-04-17,70.9,1.35,2.19
2018-04-18,64.0,1.22,2.06
2018-04-19,58.7,1.12,1.96
2018-04-20,55.0,1.04,1.88
2018-04-21,53.2,1.01,1.85
2018-04-22,57.5,1.09,1.93
2018-04-23,94.6,1.74,2.58
2018-04-24,152,2.54,3.38
2018-04-25,180,2.88,3.72
2018-04-26,145,2.45,3.29
2018-04-27,111,1.99,2.83
2018-04-28,91.2,1.69,2.53
2018-04-29,78.3,1.48,2.32
2018-04-30,69.9,1.33,2.17
2018-05-01,63.8,1.22,2.06
2018-05-02,59.3,1.13,1.97
2018-05-03,55.7,1.06,1.90
2018-05-04,52.9,1.00,1.84
2018-05-05,51.1,0.96,1.80
2018-05-06,51.5,0.97,1.81
2018-05-07,57.0,1.08,1.92
2018-05-08,58.5,1.11,1.95
2018-05-09,52.3,0.99,1.83
2018-05-10,48.8,0.91,1.75
2018-05-11,46.9,0.87,1.71
2018-05-12,45.4,0.84,1.68
2018-05-13,45.1,0.83,1.67
2018-05-14,53.6,1.01,1.85
2018-05-15,104,1.86,2.70
2018-05-16,177,2.83,3.67
2018-05-17,258,3.68,4.52
2018-05-18,335,4.37,5.21
2018-05-19,357,4.55,5.39
2018-05-20,384,4.76,5.60
2018-05-21,453,5.28,6.12
2018-05-22,542,5.89,6.73
2018-05-23,641,6.52,7.36
2018-05-24,652,6.59,7.43
2018-05-25,561,6.02,6.86
2018-05-26,437,5.16,6.00
2018-05-27,371,4.66,5.50
2018-05-28,394,4.84,5.68
2018-05-29,421,5.05,5.89
2018-05-30,507,5.66,6.50
2018-05-31,599,6.26,7.10
2018-06-01,686,6.78,7.62
2018-06-02,775,7.29,8.13
2018-06-03,809,7.48,8.32
2018-06-04,763,7.24,8.08
2018-06-05,671,6.73,7.57
2018-06-06,542,5.97,6.81
2018-06-07,416,5.30,6.14
2018-06-08,336,4.92,5.76
2018-06-09,379,5.25,6.09
2018-06-10,578,6.34,7.18
2018-06-11,744,7.24,8.08
2018-06-12,812,7.61,8.45
2018-06-13,1010,8.60,9.44
2018-06-14,1130,9.12,9.96
2018-06-15,1200,9.42,10.26
2018-06-16,1110,9.09,9.93
2018-06-17,1040,8.89,9.73
2018-06-18,832,8.24,9.08
2018-06-19,662,7.63,8.47
2018-06-20,498,6.96,7.80
2018-06-21,486,6.95,7.79
2018-06-22,573,7.39,8.23
2018-06-23,566,7.42,8.26
2018-06-24,625,7.68,8.52
2018-06-25,664,7.84,8.68
2018-06-26,699,7.99,8.83
2018-06-27,845,8.61,9.45
2018-06-28,706,8.12,8.96
2018-06-29,725,8.23,9.07
2018-06-30,988,9.23,10.07
2018-07-01,1070,9.55,10.39
2018-07-02,1500,10.70,11.54
2018-07-03,1750,11.30,12.14
2018-07-04,1580,10.94,11.78
2018-07-05,1280,10.30,11.14
2018-07-06,1120,9.94,10.78
2018-07-07,1090,9.89,10.73
2018-07-08,1140,10.04,10.88
2018-07-09,1350,10.56,11.40
2018-07-10,1300,10.46,11.30
2018-07-11,1110,10.00,10.84
2018-07-12,905,9.35,10.19
2018-07-13,729,8.70,9.54
2018-07-14,610,8.22,9.06
2018-07-15,524,7.84,8.68
2018-07-16,445,7.48,8.32
2018-07-17,417,7.31,8.15
2018-07-18,411,7.24,8.08
2018-07-19,429,7.29,8.13
2018-07-20,470,7.44,8.28
2018-07-21,555,7.78,8.62
2018-07-22,624,8.04,8.88
2018-07-23,782,8.69,9.53
2018-07-24,960,9.33,10.17
2018-07-25,1280,10.26,11.10
2018-07-26,1520,10.86,11.70
2018-07-27,1470,10.75,11.59
2018-07-28,1290,10.32,11.16
2018-07-29,1100,9.84,10.68
2018-07-30,1090,9.78,10.62
2018-07-31,1120,9.87,10.71
2018-08-01,1130,,
2018-08-02,1090,9.78,10.62
2018-08-03,1040,9.59,10.43
2018-08-04,906,,
2018-08-05,752,,
2018-08-06,615,,
2018-08-07,498,,
2018-08-08,418,7.04,7.88
2018-08-09,465,7.20,8.04
2018-08-10,479,7.25,8.09
2018-08-11,504,7.34,8.18
2018-08-12,544,,
2018-08-13,768,8.42,9.26
2018-08-14,753,8.35,9.19
2018-08-15,687,,
2018-08-16,589,,
2018-08-17,475,7.08,7.92
2018-08-18,395,6.65,7.49
2018-08-19,337,6.35,7.19
2018-08-20,491,7.00,7.84
2018-08-21,776,8.15,8.99
2018-08-22,822,8.31,9.15
2018-08-23,737,7.95,8.79
2018-08-24,795,,
2018-08-25,938,8.69,9.53
2018-08-26,990,,
2018-08-27,977,8.80,9.64
2018-08-28,895,,
2018-08-29,756,7.89,8.73
2018-08-30,731,7.76,8.60
2018-08-31,821,8.11,8.95
2018-09-01,797,8.00,8.84
2018-09-02,707,,
2018-09-03,664,,
2018-09-04,664,7.41,8.25
2018-09-05,666,,
2018-09-06,662,7.35,8.19
2018-09-07,618,,
2018-09-08,568,6.87,7.71
2018-09-09,555,,
2018-09-10,555,6.74,7.58
2018-09-11,697,7.35,8.19
2018-09-12,798,,
2018-09-13,853,,
2018-09-14,839,7.91,8.75
2018-09-15,800,,
2018-09-16,749,7.42,8.26
2018-09-17,644,6.93,7.77
2018-09-18,566,6.54,7.38
2018-09-19,560,,
2018-09-20,582,6.54,7.38
2018-09-21,520,6.21,7.05
2018-09-22,431,5.70,6.54
2018-09-23,361,5.25,6.09
2018-09-24,310,4.87,5.71
2018-09-25,275,4.59,5.43
2018-09-26,249,4.35,5.19
2018-09-27,229,4.15,4.99
2018-09-28,208,3.94,4.78
2018-09-29,192,3.76,4.60
2018-09-30,177,3.58,4.42
2018-10-01,165,3.42,4.26
2018-10-02,157,3.30,4.14
2018-10-03,154,3.22,4.06
2018-10-04,159,3.22,4.06
2018-10-05,169,3.27,4.11
2018-10-06,167,3.21,4.05
2018-10-07,153,,
2018-10-08,146,,
2018-10-09,155,3.03,3.87
2018-10-10,186,3.28,4.12
2018-10-11,174,,
2018-10-12,160,2.98,3.82
2018-10-13,149,,
2018-10-14,139,2.69,3.53
2018-10-15,130,2.56,3.40
2018-10-16,124,2.46,3.30
2018-10-17,119,2.36,3.20
2018-10-18,115,2.26,3.10
2018-10-19,116,2.25,3.09
2018-10-20,164,,
2018-10-21,153,2.62,3.46
2018-10-22,134,2.38,3.22
2018-10-23,122,2.20,3.04
2018-10-24,116,2.10,2.94
2018-10-25,115,2.07,2.91
2018-10-26,125,,
2018-10-27,134,2.31,3.15
2018-10-28,126,2.20,3.04
2018-10-29,112,2.01,2.85
2018-10-30,104,1.90,2.74
2018-10-31,99.1,1.82,2.66
2018-11-01,95.2,1.76,2.60
2018-11-02,93.5,1.73,2.57
2018-11-03,93.4,1.73,2.57
2018-11-04,96.4,1.77,2.61
2018-11-05,114,,
2018-11-06,152,2.54,3.38
2018-11-07,150,2.51,3.35
2018-11-08,136,2.34,3.18
2018-11-09,124,2.17,3.01
2018-11-10,114,2.03,2.87
2018-11-11,106,1.92,2.76
2018-11-12,101,1.84,2.68
2018-11-13,101,1.85,2.69
2018-11-14,104,,
2018-11-15,110,1.97,2.81
2018-11-16,130,2.26,3.10
2018-11-17,122,2.15,2.99
2018-11-18,110,1.98,2.82
2018-11-19,103,1.87,2.71
2018-11-20,97.7,1.79,2.63
2018-11-21,96.8,1.78,2.62
2018-11-22,93.3,1.73,2.57
2018-11-23,87.7,1.64,2.48
2018-11-24,84.8,1.59,2.43
2018-11-25,82.5,1.55,2.39
2018-11-26,80.7,1.52,2.36
2018-11-27,82.0,1.54,2.38
2018-11-28,84.6,1.58,2.42
2018-11-29,81.7,1.54,2.38
2018-11-30,77.5,1.46,2.30
2018-12-01,75.1,1.42,2.26
2018-12-02,73.2,1.39,2.23
2018-12-03,72.6,1.38,2.22
2018-12-04,87.9,,
2018-12-05,121,,
2018-12-06,132,,
2018-12-07,122,2.15,2.99
2018-12-08,106,1.92,2.76
2018-12-09,103,1.87,2.71
2018-12-10,155,2.56,3.40
2018-12-11,194,3.03,3.87
2018-12-12,178,2.85,3.69
2018-12-13,155,2.58,3.42
2018-12-14,138,,
2018-12-15,138,,
2018-12-16,172,,
2018-12-17,182,2.89,3.73
2018-12-18,167,2.72,3.56
2018-12-19,153,,
2018-12-20,202,3.06,3.90
2018-12-21,495,5.55,6.39
2018-12-22,765,7.23,8.07
2018-12-23,917,8.04,8.88
2018-12-24,880,7.85,8.69
2018-12-25,706,6.90,7.74
2018-12-26,534,5.84,6.68
2018-12-27,432,5.13,5.97
2018-12-28,372,4.67,5.51
2018-12-29,332,4.35,5.19
2018-12-30,303,4.09,4.93
2018-12-31,279,3.88,4.72
2019-01-01,259,3.69,4.53
2019-01-02,241,3.52,4.36
2019-01-03,222,3.32,4.16
2019-01-04,205,3.15,3.99
2019-01-05,196,3.05,3.89
2019-01-06,192,3.00,3.84
2019-01-07,184,2.92,3.76
2019-01-08,176,2.83,3.67
2019-01-09,169,2.74,3.58
2019-01-10,160,2.64,3.48
2019-01-11,152,2.54,3.38
2019-01-12,145,2.45,3.29
2019-01-13,140,2.39,3.23
2019-01-14,136,2.34,3.18
2019-01-15,131,2.27,3.11
2019-01-16,125,2.20,3.04
2019-01-17,122,2.15,2.99
2019-01-18,118,2.09,2.93
2019-01-19,113,2.02,2.86
2019-01-20,111,2.00,2.84
2019-01-21,123,2.17,3.01
2019-01-22,129,2.25,3.09
2019-01-23,123,2.16,3.00
2019-01-24,126,2.21,3.05
2019-01-25,164,2.69,3.53
2019-01-26,191,2.99,3.83
2019-01-27,194,3.03,3.87
2019-01-28,374,4.66,5.50
2019-01-29,560,6.01,6.85
2019-01-30,652,6.59,7.43
2019-01-31,660,6.63,7.47
2019-02-01,573,6.09,6.93
2019-02-02,472,5.41,6.25
2019-02-03,403,4.91,5.75
2019-02-04,357,4.55,5.39
2019-02-05,319,4.23,5.07
2019-02-06,290,3.97,4.81
2019-02-07,265,3.75,4.59
2019-02-08,246,3.57,4.41
2019-02-09,231,3.42,4.26
2019-02-10,225,3.36,4.20
2019-02-11,257,3.67,4.51
2019-02-12,294,4.01,4.85
2019-02-13,327,4.30,5.14
2019-02-14,369,4.64,5.48
2019-02-15,416,5.01,5.85
2019-02-16,462,5.35,6.19
2019-02-17,442,5.20,6.04
2019-02-18,385,4.77,5.61
2019-02-19,336,4.38,5.22
2019-02-20,302,4.09,4.93
2019-02-21,276,3.85,4.69
2019-02-22,254,3.64,4.48
2019-02-23,236,3.47,4.31
2019-02-24,221,3.32,4.16
2019-02-25,208,3.18,4.02
2019-02-26,195,3.04,3.88
2019-02-27,190,2.99,3.83
2019-02-28,216,3.26,4.10
2019-03-01,230,3.41,4.25
2019-03-02,233,3.44,4.28
2019-03-03,217,3.27,4.11
2019-03-04,195,3.04,3.88
2019-03-05,179,2.86,3.70
2019-03-06,169,2.75,3.59
2019-03-07,158,2.62,3.46
2019-03-08,146,2.47,3.31
2019-03-09,140,2.39,3.23
2019-03-10,134,2.32,3.16
2019-03-11,129,2.24,3.08
2019-03-12,123,2.16,3.00
2019-03-13,117,2.08,2.92
2019-03-14,111,2.00,2.84
2019-03-15,105,1.91,2.75
2019-03-16,98.3,1.80,2.64
2019-03-17,93.8,1.73,2.57
2019-03-18,92.8,1.72,2.56
2019-03-19,94.9,1.75,2.59
2019-03-20,107,1.94,2.78
2019-03-21,123,2.17,3.01
2019-03-22,118,2.09,2.93
2019-03-23,105,1.90,2.74
2019-03-24,94.7,1.75,2.59
2019-03-25,87.8,1.64,2.48
2019-03-26,84.1,1.58,2.42
2019-03-27,81.9,1.54,2.38
2019-03-28,133,2.26,3.10
2019-03-29,236,3.47,4.31
2019-03-30,232,3.43,4.27
2019-03-31,184,2.91,3.75
2019-04-01,148,2.49,3.33
2019-04-02,127,2.21,3.05
2019-04-03,114,2.04,2.88
2019-04-04,106,1.92,2.76
2019-04-05,101,1.85,2.69
2019-04-06,115,2.04,2.88
2019-04-07,130,2.26,3.10
2019-04-08,122,2.15,2.99
2019-04-09,113,2.02,2.86
2019-04-10,111,1.99,2.83
2019-04-11,105,1.90,2.74
2019-04-12,95.3,1.76,2.60
2019-04-13,86.8,1.62,2.46
2019-04-14,79.4,1.50,2.34
2019-04-15,76.6,1.45,2.29
2019-04-16,82.1,1.54,2.38
2019-04-17,75.6,1.43,2.27
2019-04-18,68.5,1.30,2.14
2019-04-19,65.8,1.25,2.09
2019-04-20,74.0,1.40,2.24
2019-04-21,88.9,1.66,2.50
2019-04-22,82.7,1.55,2.39
2019-04-23,72.9,1.38,2.22
2019-04-24,67.0,1.28,2.12
2019-04-25,62.9,1.20,2.04
2019-04-26,59.6,1.13,1.97
2019-04-27,57.0,1.08,1.92
2019-04-28,54.1,1.02,1.86
2019-04-29,52.2,0.98,1.82
2019-04-30,50.5,0.95,1.79
2019-05-01,48.9,0.91,1.75
2019-05-02,47.7,0.89,1.73
2019-05-03,47.8,0.89,1.73
2019-05-04,55.5,1.05,1.89
2019-05-05,71.0,1.35,2.19
2019-05-06,114,2.03,2.87
2019-05-07,152,2.54,3.38
2019-05-08,129,2.25,3.09
2019-05-09,102,1.85,2.69
2019-05-10,84.3,1.58,2.42
2019-05-11,78.6,1.48,2.32
2019-05-12,73.5,1.39,2.23
2019-05-13,83.5,1.57,2.41
2019-05-14,108,1.94,2.78
2019-05-15,170,2.76,3.60
2019-05-16,217,3.27,4.11
2019-05-17,202,3.12,3.96
2019-05-18,159,2.63,3.47
2019-05-19,124,2.17,3.01
2019-05-20,101,1.85,2.69
2019-05-21,88.8,1.65,2.49
2019-05-22,81.5,1.53,2.37
2019-05-23,74.4,1.41,2.25
2019-05-24,67.0,1.28,2.12
2019-05-25,60.8,1.16,2.00
2019-05-26,56.2,1.07,1.91
2019-05-27,51.7,0.97,1.81
2019-05-28,48.4,0.90,1.74
2019-05-29,45.5,0.84,1.68
2019-05-30,42.6,0.77,1.61
2019-05-31,40.0,0.71,1.55
2019-06-01,39.3,0.69,1.53
2019-06-02,38.7,0.68,1.52
2019-06-03,38.4,0.67,1.51
2019-06-04,37.5,0.65,1.49
2019-06-05,38.3,0.67,1.51
2019-06-06,38.5,0.67,1.51
2019-06-07,74.0,1.33,2.17
2019-06-08,191,2.99,3.83
2019-06-09,237,3.47,4.31
2019-06-10,367,4.62,5.46
2019-06-11,505,5.64,6.48
2019-06-12,520,5.74,6.58
2019-06-13,454,5.29,6.13
2019-06-14,453,5.28,6.12
2019-06-15,458,5.32,6.16
2019-06-16,477,5.45,6.29
2019-06-17,512,5.69,6.53
2019-06-18,563,6.03,6.87
2019-06-19,547,5.92,6.76
2019-06-20,625,,
2019-06-21,668,6.68,7.52
2019-06-22,629,6.44,7.28
2019-06-23,523,5.76,6.60
2019-06-24,402,4.90,5.74
2019-06-25,316,4.20,5.04
2019-06-26,284,3.93,4.77
2019-06-27,318,4.23,5.07
2019-06-28,289,3.97,4.81
2019-06-29,253,3.64,4.48
2019-06-30,221,3.31,4.15
2019-07-01,202,3.12,3.96
2019-07-02,256,3.66,4.50
2019-07-03,335,4.37,5.21
2019-07-04,483,5.49,6.33
2019-07-05,553,5.97,6.81
2019-07-06,587,6.19,7.03
2019-07-07,760,7.21,8.05
2019-07-08,913,8.02,8.86
2019-07-09,951,8.21,9.05
2019-07-10,988,8.38,9.22
2019-07-11,1150,9.08,9.92
2019-07-12,1070,8.76,9.60
2019-07-13,1140,9.05,9.89
2019-07-14,1140,9.05,9.89
2019-07-15,1080,8.80,9.64
2019-07-16,969,8.32,9.16
2019-07-17,838,7.66,8.50
2019-07-18,708,6.94,7.78
2019-07-19,770,7.30,8.14
2019-07-20,819,7.57,8.41
2019-07-21,703,6.93,7.77
2019-07-22,559,6.05,6.89
2019-07-23,470,5.45,6.29
2019-07-24,392,4.88,5.72
2019-07-25,349,4.54,5.38
2019-07-26,365,4.68,5.52
2019-07-27,464,5.43,6.27
2019-07-28,562,6.10,6.94
2019-07-29,527,5.87,6.71
2019-07-30,439,5.26,6.10
2019-07-31,419,5.12,5.96
2019-08-01,489,5.63,6.47
2019-08-02,523,5.86,6.70
2019-08-03,601,6.37,7.21
2019-08-04,701,6.98,7.82
2019-08-05,716,7.07,7.91
2019-08-06,690,6.93,7.77
2019-08-07,781,7.44,8.28
2019-08-08,885,8.00,8.84
2019-08-09,949,8.33,9.17
2019-08-10,925,8.22,9.06
2019-08-11,958,8.38,9.22
2019-08-12,1060,8.85,9.69
2019-08-13,1360,9.92,10.76
2019-08-14,1850,11.13,11.97
2019-08-15,2260,,
2019-08-16,2850,12.67,13.51
2019-08-17,2770,12.55,13.39
2019-08-18,2190,11.69,12.53
2019-08-19,1680,10.71,11.55
2019-08-20,1370,9.91,10.75
2019-08-21,1240,9.48,10.32
2019-08-22,1140,9.11,9.95
2019-08-23,1010,8.55,9.39
2019-08-24,849,7.88,8.72
2019-08-25,746,7.47,8.31
2019-08-26,674,7.15,7.99
2019-08-27,612,6.88,7.72
2019-08-28,588,6.77,7.61
2019-08-29,611,6.86,7.70
2019-08-30,666,7.09,7.93
2019-08-31,693,7.21,8.05
2019-09-01,674,7.13,7.97
2019-09-02,626,6.92,7.76
2019-09-03,578,6.72,7.56
2019-09-04,597,6.84,7.68
2019-09-05,684,7.24,8.08
2019-09-06,736,7.48,8.32
2019-09-07,713,7.40,8.24
2019-09-08,597,6.91,7.75
2019-09-09,474,6.35,7.19
2019-09-10,387,5.91,6.75
2019-09-11,330,5.60,6.44
2019-09-12,294,5.39,6.23
2019-09-13,271,5.24,6.08
2019-09-14,254,5.13,5.97
2019-09-15,244,5.06,5.90
2019-09-16,234,4.97,5.81
2019-09-17,222,4.86,5.70
2019-09-18,206,4.73,5.57
2019-09-19,194,4.61,5.45
2019-09-20,183,4.50,5.34
2019-09-21,174,4.38,5.22
2019-09-22,165,4.27,5.11
2019-09-23,153,4.14,4.98
2019-09-24,144,4.03,4.87
2019-09-25,136,3.92,4.76
2019-09-26,129,3.82,4.66
2019-09-27,123,3.71,4.55
2019-09-28,117,3.60,4.44
2019-09-29,113,3.51,4.35
2019-09-30,107,3.41,4.25
2019-10-01,107,3.35,4.19
2019-10-02,107,3.29,4.13
2019-10-03,101,3.18,4.02
2019-10-04,96.4,3.08,3.92
2019-10-05,94.5,3.00,3.84
2019-10-06,94.1,2.95,3.79
2019-10-07,111,3.12,3.96
2019-10-08,353,4.98,5.82
2019-10-09,502,5.87,6.71
2019-10-10,648,6.63,7.47
2019-10-11,609,6.47,7.31
2019-10-12,493,5.92,6.76
2019-10-13,387,5.35,6.19
2019-10-14,304,4.85,5.69
2019-10-15,248,4.46,5.30
2019-10-16,210,4.17,5.01
2019-10-17,184,3.95,4.79
2019-10-18,168,3.80,4.64
2019-10-19,249,4.38,5.22
2019-10-20,574,6.30,7.14
2019-10-21,792,7.44,8.28
2019-10-22,808,7.54,8.38
2019-10-23,695,6.92,7.76
2019-10-24,517,6.05,6.89
2019-10-25,399,5.41,6.25
2019-10-26,340,5.04,5.88
2019-10-27,362,5.16,6.00
2019-10-28,381,5.26,6.10
2019-10-29,370,5.17,6.01
2019-10-30,329,4.89,5.73
2019-10-31,285,4.56,5.40
2019-11-01,246,4.26,5.10
2019-11-02,218,4.02,4.86
2019-11-03,199,3.82,4.66
2019-11-04,180,3.65,4.49
2019-11-05,183,3.67,4.51
2019-11-06,181,3.63,4.47
2019-11-07,176,3.56,4.40
2019-11-08,164,3.43,4.27
2019-11-09,172,3.51,4.35
2019-11-10,206,3.77,4.61
2019-11-11,208,3.78,4.62
2019-11-12,191,3.63,4.47
2019-11-13,172,3.44,4.28
2019-11-14,155,3.27,4.11
2019-11-15,145,3.17,4.01
2019-11-16,143,3.14,3.98
2019-11-17,138,3.08,3.92
2019-11-18,131,3.00,3.84
2019-11-19,125,2.93,3.77
2019-11-20,118,2.84,3.68
2019-11-21,111,2.74,3.58
2019-11-22,105,2.66,3.50
2019-11-23,102,2.59,3.43
2019-11-24,104,2.61,3.45
2019-11-25,123,2.82,3.66
2019-11-26,130,2.89,3.73
2019-11-27,123,2.79,3.63
2019-11-28,117,2.70,3.54
2019-11-29,111,2.60,3.44
2019-11-30,105,2.51,3.35
2019-12-01,102,2.44,3.28
2019-12-02,98.6,2.38,3.22
2019-12-03,97.7,2.35,3.19
2019-12-04,95.1,2.28,3.12
2019-12-05,93.0,2.22,3.06
2019-12-06,90.9,2.16,3.00
2019-12-07,90.0,2.13,2.97
2019-12-08,89.2,2.09,2.93
2019-12-09,88.7,2.06,2.90
2019-12-10,87.6,2.04,2.88
2019-12-11,92.7,2.11,2.95
2019-12-12,108,2.33,3.17
2019-12-13,124,2.53,3.37
2019-12-14,142,2.76,3.60
2019-12-15,164,3.01,3.85
2019-12-16,171,3.08,3.92
2019-12-17,170,3.05,3.89
2019-12-18,244,3.81,4.65
2019-12-19,336,4.59,5.43
2019-12-20,335,4.57,5.41
2019-12-21,300,4.27,5.11
2019-12-22,268,3.98,4.82
2019-12-23,310,4.32,5.16
2019-12-24,433,5.26,6.10
2019-12-25,504,5.74,6.58
2019-12-26,523,5.85,6.69
2019-12-27,492,5.64,6.48
2019-12-28,458,5.41,6.25
2019-12-29,442,5.30,6.14
2019-12-30,450,5.36,6.20
2019-12-31,451,5.36,6.20
2020-01-01,427,5.19,6.03
2020-01-02,388,4.91,5.75
2020-01-03,340,4.60,5.44
2020-01-04,308,4.39,5.23
2020-01-05,322,4.49,5.33
2020-01-06,331,4.55,5.39
2020-01-07,309,4.39,5.23
2020-01-08,285,4.22,5.06
2020-01-09,263,4.05,4.89
2020-01-10,242,3.87,4.71
2020-01-11,225,3.72,4.56
2020-01-12,214,3.61,4.45
2020-01-13,215,3.60,4.44
2020-01-14,224,3.66,4.50
2020-01-15,214,3.56,4.40
2020-01-16,202,3.44,4.28
2020-01-17,192,3.33,4.17
2020-01-18,180,3.19,4.03
2020-01-19,169,3.07,3.91
2020-01-20,162,2.98,3.82
2020-01-21,154,2.87,3.71
2020-01-22,145,2.75,3.59
2020-01-23,139,2.68,3.52
2020-01-24,139,2.67,3.51
2020-01-25,143,2.71,3.55
2020-01-26,141,2.67,3.51
2020-01-27,136,2.60,3.44
2020-01-28,132,2.54,3.38
2020-01-29,128,2.48,3.32
2020-01-30,125,2.43,3.27
2020-01-31,122,2.37,3.21
2020-02-01,121,2.35,3.19
2020-02-02,127,2.42,3.26
2020-02-03,135,2.49,3.33
2020-02-04,132,2.45,3.29
2020-02-05,129,2.40,3.24
2020-02-06,125,2.34,3.18
2020-02-07,145,2.60,3.44
2020-02-08,192,3.16,4.00
2020-02-09,195,3.20,4.04
2020-02-10,176,2.98,3.82
2020-02-11,157,2.75,3.59
2020-02-12,144,2.60,3.44
2020-02-13,134,2.47,3.31
2020-02-14,126,2.37,3.21
2020-02-15,122,2.31,3.15
2020-02-16,120,2.29,3.13
2020-02-17,125,2.37,3.21
2020-02-18,132,2.46,3.30
2020-02-19,138,2.55,3.39
2020-02-20,141,2.59,3.43
2020-02-21,137,2.54,3.38
2020-02-22,130,2.44,3.28
2020-02-23,123,2.35,3.19
2020-02-24,114,2.24,3.08
2020-02-25,108,2.15,2.99
2020-02-26,106,2.11,2.95
2020-02-27,119,2.32,3.16
2020-02-28,137,2.55,3.39
2020-02-29,130,2.47,3.31
2020-03-01,118,2.31,3.15
2020-03-02,110,2.19,3.03
2020-03-03,106,2.13,2.97
2020-03-04,101,2.06,2.90
2020-03-05,95.6,1.98,2.82
2020-03-06,91.2,1.92,2.76
2020-03-07,86.8,1.85,2.69
2020-03-08,82.6,1.78,2.62
2020-03-09,78.3,1.71,2.55
2020-03-10,74.8,1.65,2.49
2020-03-11,73.0,1.62,2.46
2020-03-12,71.8,1.61,2.45
2020-03-13,69.5,1.57,2.41
2020-03-14,66.6,1.52,2.36
2020-03-15,64.1,1.47,2.31
2020-03-16,61.3,1.42,2.26
2020-03-17,59.5,1.39,2.23
2020-03-18,57.7,1.36,2.20
2020-03-19,56.0,1.32,2.16
2020-03-20,56.4,1.34,2.18
2020-03-21,54.1,1.29,2.13
2020-03-22,51.7,1.24,2.08
2020-03-23,49.8,1.21,2.05
2020-03-24,49.1,1.19,2.03
2020-03-25,48.3,1.18,2.02
2020-03-26,47.2,1.16,2.00
2020-03-27,45.8,1.13,1.97
2020-03-28,44.9,1.11,1.95
2020-03-29,43.7,1.09,1.93
2020-03-30,42.7,1.07,1.91
2020-03-31,41.9,1.05,1.89
2020-04-01,44.4,1.11,1.95
2020-04-02,41.6,1.05,1.89
2020-04-03,40.9,1.03,1.87
2020-04-04,40.6,1.02,1.86
2020-04-05,40.1,1.01,1.85
2020-04-06,56.0,1.35,2.19
2020-04-07,83.0,1.86,2.70
2020-04-08,69.7,1.63,2.47
2020-04-09,58.5,1.41,2.25
2020-04-10,49.9,1.24,2.08
2020-04-11,44.7,1.12,1.96
2020-04-12,41.7,1.05,1.89
2020-04-13,40.2,1.02,1.86
2020-04-14,39.6,1.00,1.84
2020-04-15,38.6,0.98,1.82
2020-04-16,39.3,0.99,1.83
2020-04-17,42.8,1.08,1.92
2020-04-18,46.8,1.17,2.01
2020-04-19,52.3,1.28,2.12
2020-04-20,59.7,1.44,2.28
2020-04-21,55.1,1.34,2.18
2020-04-22,48.5,1.21,2.05
2020-04-23,42.7,1.07,1.91
2020-04-24,41.1,1.04,1.88
2020-04-25,47.4,1.18,2.02
2020-04-26,55.3,1.35,2.19
2020-04-27,52.6,1.29,2.13
2020-04-28,46.3,1.16,2.00
2020-04-29,41.4,1.04,1.88
2020-04-30,39.4,0.99,1.83
2020-05-01,44.9,1.12,1.96
2020-05-02,47.3,1.18,2.02
2020-05-03,42.5,1.07,1.91
2020-05-04,40.0,1.01,1.85
2020-05-05,36.4,0.92,1.76
2020-05-06,34.1,0.86,1.70
2020-05-07,33.5,0.85,1.69
2020-05-08,31.3,0.79,1.63
2020-05-09,29.6,0.74,1.58
2020-05-10,28.7,0.72,1.56
2020-05-11,28.6,0.71,1.55
2020-05-12,32.6,0.82,1.66
2020-05-13,28.0,0.70,1.54
2020-05-14,27.3,0.68,1.52
2020-05-15,26.8,0.66,1.50
2020-05-16,30.3,0.76,1.60
2020-05-17,34.1,0.86,1.70
2020-05-18,35.0,0.89,1.73
2020-05-19,32.8,0.83,1.67
2020-05-20,30.8,0.77,1.61
2020-05-21,30.1,0.75,1.59
2020-05-22,30.2,0.76,1.60
2020-05-23,30.3,0.76,1.60
2020-05-24,30.3,0.76,1.60
2020-05-25,31.5,0.79,1.63
2020-05-26,41.5,1.00,1.84
2020-05-27,59.3,1.34,2.18
2020-05-28,80.2,1.68,2.52
2020-05-29,169,2.86,3.70
2020-05-30,331,4.40,5.24
2020-05-31,444,5.25,6.09
2020-06-01,538,5.88,6.72
2020-06-02,514,5.70,6.54
2020-06-03,387,4.78,5.62
2020-06-04,287,3.95,4.79
2020-06-05,293,4.00,4.84
2020-06-06,355,4.53,5.37
2020-06-07,459,,
2020-06-08,752,,
2020-06-09,870,7.80,8.64
2020-06-10,891,7.91,8.75
2020-06-11,835,7.62,8.46
2020-06-12,783,7.34,8.18
2020-06-13,702,6.88,7.72
2020-06-14,594,6.22,7.06
2020-06-15,494,5.57,6.41
2020-06-16,456,5.31,6.15
2020-06-17,459,5.33,6.17
2020-06-18,405,4.92,5.76
2020-06-19,342,4.43,5.27
2020-06-20,303,4.09,4.93
2020-06-21,272,3.81,4.65
2020-06-22,242,3.54,4.38
2020-06-23,287,3.95,4.79
2020-06-24,393,4.83,5.67
2020-06-25,537,5.86,6.70
2020-06-26,537,5.86,6.70
2020-06-27,439,5.18,6.02
2020-06-28,349,4.48,5.32
2020-06-29,286,3.94,4.78
2020-06-30,243,3.54,4.38
2020-07-01,230,3.41,4.25
2020-07-02,250,3.61,4.45
2020-07-03,338,4.39,5.23
2020-07-04,397,4.86,5.70
2020-07-05,454,5.29,6.13
2020-07-06,514,5.71,6.55
2020-07-07,615,6.35,7.19
2020-07-08,716,6.96,7.80
2020-07-09,709,6.92,7.76
2020-07-10,637,6.50,7.34
2020-07-11,729,7.03,7.87
2020-07-12,910,8.00,8.84
2020-07-13,932,8.12,8.96
2020-07-14,780,7.32,8.16
2020-07-15,624,6.41,7.25
2020-07-16,602,6.28,7.12
2020-07-17,592,6.22,7.06
2020-07-18,533,5.83,6.67
2020-07-19,510,5.68,6.52
2020-07-20,489,5.54,6.38
2020-07-21,478,5.46,6.30
2020-07-22,490,5.55,6.39
2020-07-23,505,5.65,6.49
2020-07-24,505,5.65,6.49
2020-07-25,490,5.55,6.39
2020-07-26,467,5.38,6.22
2020-07-27,444,5.22,6.06
2020-07-28,441,5.19,6.03
2020-07-29,604,6.28,7.12
2020-07-30,848,7.68,8.52
2020-07-31,947,8.20,9.04
2020-08-01,998,8.44,9.28
2020-08-02,1050,8.69,9.53
2020-08-03,996,8.47,9.31
2020-08-04,836,7.71,8.55
2020-08-05,669,6.83,7.67
2020-08-06,593,6.41,7.25
2020-08-07,617,6.61,7.45
2020-08-08,700,7.16,8.00
2020-08-09,613,6.68,7.52
2020-08-10,541,6.28,7.12
2020-08-11,495,6.06,6.90
2020-08-12,483,6.05,6.89
2020-08-13,538,6.40,7.24
2020-08-14,546,6.50,7.34
2020-08-15,570,6.71,7.55
2020-08-16,581,6.83,7.67
2020-08-17,643,7.27,8.11
2020-08-18,760,7.98,8.82
2020-08-19,898,8.77,9.61
2020-08-20,841,8.48,9.32
2020-08-21,762,8.05,8.89
2020-08-22,709,7.75,8.59
2020-08-23,677,7.57,8.41
2020-08-24,642,7.35,8.19
2020-08-25,584,7.01,7.85
2020-08-26,507,6.60,7.44
2020-08-27,433,6.18,7.02
2020-08-28,410,6.04,6.88
2020-08-29,400,5.96,6.80
2020-08-30,359,5.69,6.53
2020-08-31,373,5.78,6.62
2020-09-01,538,6.74,7.58
2020-09-02,577,6.98,7.82
2020-09-03,590,7.05,7.89
2020-09-04,586,7.04,7.88
2020-09-05,570,6.98,7.82
2020-09-06,503,6.63,7.47
2020-09-07,407,6.09,6.93
2020-09-08,330,5.60,6.44
2020-09-09,316,5.48,6.32
2020-09-10,427,6.13,6.97
2020-09-11,685,7.56,8.40
2020-09-12,910,8.78,9.62
2020-09-13,984,,
2020-09-14,1010,,
2020-09-15,1100,,
2020-09-16,1250,10.15,10.99
2020-09-17,1290,10.29,11.13
2020-09-18,1200,9.93,10.77
2020-09-19,1060,9.35,10.19
2020-09-20,991,9.05,9.89
2020-09-21,1070,9.37,10.21
2020-09-22,1400,10.51,11.35
2020-09-23,1570,10.98,11.82
2020-09-24,1420,10.57,11.41
2020-09-25,1200,9.86,10.70
2020-09-26,1030,9.18,10.02
2020-09-27,874,8.59,9.43
2020-09-28,798,8.33,9.17
2020-09-29,858,8.59,9.43
2020-09-30,982,9.05,9.89
2020-10-01,1010,9.15,9.99
2020-10-02,950,8.97,9.81
2020-10-03,875,8.70,9.54
2020-10-04,779,8.34,9.18
2020-10-05,688,7.98,8.82
2020-10-06,619,7.68,8.52
2020-10-07,558,7.40,8.24
2020-10-08,505,7.14,7.98
2020-10-09,464,6.92,7.76
2020-10-10,432,6.76,7.60
2020-10-11,399,6.58,7.42
2020-10-12,374,6.43,7.27
2020-10-13,367,6.36,7.20
2020-10-14,368,6.32,7.16
2020-10-15,349,6.19,7.03
2020-10-16,322,6.00,6.84
2020-10-17,296,5.81,6.65
2020-10-18,281,5.69,6.53
2020-10-19,299,5.79,6.63
2020-10-20,343,6.02,6.86
2020-10-21,367,6.13,6.97
2020-10-22,365,6.10,6.94
2020-10-23,380,6.16,7.00
2020-10-24,388,6.19,7.03
2020-10-25,374,6.09,6.93
2020-10-26,360,5.99,6.83
2020-10-27,346,5.88,6.72
2020-10-28,319,5.68,6.52
2020-10-29,287,5.45,6.29
2020-10-30,259,5.24,6.08
2020-10-31,235,5.03,5.87
2020-11-01,216,4.86,5.70
2020-11-02,221,4.86,5.70
2020-11-03,256,5.07,5.91
2020-11-04,275,5.17,6.01
2020-11-05,287,5.22,6.06
2020-11-06,275,5.12,5.96
2020-11-07,252,4.93,5.77
2020-11-08,238,4.80,5.64
2020-11-09,265,4.92,5.76
2020-11-10,417,5.83,6.67
2020-11-11,626,6.85,7.69
2020-11-12,866,7.99,8.83
2020-11-13,1110,9.04,9.88
2020-11-14,1280,9.58,10.42
2020-11-15,1250,9.44,10.28
2020-11-16,1100,8.89,9.73
2020-11-17,936,8.14,8.98
2020-11-18,789,7.43,8.27
2020-11-19,644,6.79,7.63
2020-11-20,533,6.29,7.13
2020-11-21,465,5.94,6.78
2020-11-22,429,5.75,6.59
2020-11-23,410,5.65,6.49
2020-11-24,384,5.51,6.35
2020-11-25,355,5.34,6.18
2020-11-26,327,5.17,6.01
2020-11-27,307,5.04,5.88
2020-11-28,289,4.92,5.76
2020-11-29,273,4.81,5.65
2020-11-30,260,4.71,5.55
2020-12-01,245,4.59,5.43
2020-12-02,233,4.49,5.33
2020-12-03,220,4.38,5.22
2020-12-04,209,4.29,5.13
2020-12-05,202,4.21,5.05
2020-12-06,195,4.14,4.98
2020-12-07,192,4.11,4.95
2020-12-08,198,4.13,4.97
2020-12-09,196,4.09,4.93
2020-12-10,187,4.00,4.84
2020-12-11,181,3.94,4.78
2020-12-12,176,3.89,4.73
2020-12-13,170,3.83,4.67
2020-12-14,165,3.77,4.61
2020-12-15,160,3.72,4.56
2020-12-16,158,3.67,4.51
2020-12-17,154,3.63,4.47
2020-12-18,155,3.61,4.45
2020-12-19,150,3.55,4.39
2020-12-20,146,3.48,4.32
2020-12-21,140,3.42,4.26
2020-12-22,138,3.38,4.22
2020-12-23,137,3.35,4.19
2020-12-24,138,3.33,4.17
2020-12-25,140,3.33,4.17
2020-12-26,146,3.35,4.19
2020-12-27,142,3.30,4.14
2020-12-28,136,3.22,4.06
2020-12-29,133,3.16,4.00
2020-12-30,131,3.12,3.96
2020-12-31,130,3.07,3.91
2021-01-01,127,3.01,3.85
2021-01-02,124,2.95,3.79
2021-01-03,121,2.90,3.74
2021-01-04,121,2.87,3.71
2021-01-05,117,2.78,3.62
2021-01-06,111,2.68,3.52
2021-01-07,108,2.61,3.45
2021-01-08,105,2.55,3.39
2021-01-09,105,2.51,3.35
2021-01-10,105,2.48,3.32
2021-01-11,102,2.41,3.25
2021-01-12,98.9,2.35,3.19
2021-01-13,98.2,2.31,3.15
2021-01-14,97.7,2.28,3.12
2021-01-15,97.0,2.25,3.09
2021-01-16,95.6,2.21,3.05
2021-01-17,94.4,2.17,3.01
2021-01-18,93.4,2.13,2.97
2021-01-19,93.3,2.10,2.94
2021-01-20,93.2,2.07,2.91
2021-01-21,93.2,2.04,2.88
2021-01-22,93.8,2.02,2.86
2021-01-23,93.7,1.99,2.83
2021-01-24,95.1,1.98,2.82
2021-01-25,97.9,1.99,2.83
2021-01-26,97.5,1.96,2.80
2021-01-27,97.2,1.93,2.77
2021-01-28,98.5,1.95,2.79
2021-01-29,98.6,1.95,2.79
2021-01-30,97.1,1.92,2.76
2021-01-31,92.7,1.86,2.70
2021-02-01,89.4,1.80,2.64
2021-02-02,87.8,1.78,2.62
2021-02-03,86.1,1.75,2.59
2021-02-04,82.5,1.69,2.53
2021-02-05,80.4,1.66,2.50
2021-02-06,80.0,1.65,2.49
2021-02-07,85.5,1.74,2.58
2021-02-08,95.6,1.90,2.74
2021-02-09,94.6,1.89,2.73
2021-02-10,91.6,1.84,2.68
2021-02-11,90.3,1.82,2.66
2021-02-12,90.6,1.82,2.66
2021-02-13,97.5,1.93,2.77
2021-02-14,138,2.49,3.33
2021-02-15,221,3.45,4.29
2021-02-16,238,3.63,4.47
2021-02-17,221,3.46,4.30
2021-02-18,200,3.23,4.07
2021-02-19,184,3.06,3.90
2021-02-20,176,2.96,3.80
2021-02-21,169,2.89,3.73
2021-02-22,160,2.78,3.62
2021-02-23,156,2.73,3.57
2021-02-24,155,2.72,3.56
2021-02-25,151,2.66,3.50
2021-02-26,144,2.58,3.42
2021-02-27,137,2.49,3.33
2021-02-28,131,2.41,3.25
2021-03-01,126,2.34,3.18
2021-03-02,122,2.29,3.13
2021-03-03,136,2.48,3.32
2021-03-04,179,3.00,3.84
2021-03-05,167,2.87,3.71
2021-03-06,144,2.59,3.43
2021-03-07,132,2.44,3.28
2021-03-08,121,2.31,3.15
2021-03-09,112,2.18,3.02
2021-03-10,105,2.10,2.94
2021-03-11,100,2.03,2.87
2021-03-12,95.5,1.97,2.81
2021-03-13,91.0,1.90,2.74
2021-03-14,86.3,1.84,2.68
2021-03-15,82.0,1.77,2.61
2021-03-16,78.1,1.72,2.56
2021-03-17,74.9,1.67,2.51
2021-03-18,71.1,1.60,2.44
2021-03-19,68.0,1.54,2.38
2021-03-20,64.6,1.48,2.32
2021-03-21,62.1,1.43,2.27
2021-03-22,62.6,1.44,2.28
2021-03-23,62.2,1.44,2.28
2021-03-24,60.1,1.39,2.23
2021-03-25,57.9,1.35,2.19
2021-03-26,55.5,1.30,2.14
2021-03-27,55.6,1.30,2.14
2021-03-28,51.8,1.23,2.07
2021-03-29,50.0,1.19,2.03
2021-03-30,48.1,1.15,1.99
2021-03-31,46.8,1.12,1.96
2021-04-01,45.8,1.10,1.94
2021-04-02,59.2,1.37,2.21
2021-04-03,67.0,1.53,2.37
2021-04-04,63.5,1.46,2.30
2021-04-05,54.8,1.29,2.13
2021-04-06,52.0,1.23,2.07
2021-04-07,47.9,1.14,1.98
2021-04-08,43.1,1.03,1.87
2021-04-09,39.8,0.95,1.79
2021-04-10,38.2,0.92,1.76
2021-04-11,51.2,1.19,2.03
2021-04-12,155,2.78,3.62
2021-04-13,236,3.72,4.56
2021-04-14,194,3.27,4.11
2021-04-15,145,2.69,3.53
2021-04-16,111,2.24,3.08
2021-04-17,91.8,1.95,2.79
2021-04-18,83.5,1.82,2.66
2021-04-19,85.5,1.85,2.69
2021-04-20,145,2.67,3.51
2021-04-21,337,4.56,5.40
2021-04-22,490,5.69,6.53
2021-04-23,468,5.54,6.38
2021-04-24,368,4.82,5.66
2021-04-25,271,4.04,4.88
2021-04-26,223,3.59,4.43
2021-04-27,202,3.37,4.21
2021-04-28,182,3.15,3.99
2021-04-29,164,2.93,3.77
2021-04-30,148,2.74,3.58
2021-05-01,135,2.58,3.42
2021-05-02,123,2.41,3.25
2021-05-03,112,2.25,3.09
2021-05-04,107,2.18,3.02
2021-05-05,111,2.25,3.09
2021-05-06,110,2.22,3.06
2021-05-07,119,2.35,3.19
2021-05-08,114,2.28,3.12
2021-05-09,107,2.19,3.03
2021-05-10,98.0,2.05,2.89
2021-05-11,92.0,1.96,2.80
2021-05-12,93.1,1.97,2.81
2021-05-13,120,2.37,3.21
2021-05-14,132,2.54,3.38
2021-05-15,113,2.26,3.10
2021-05-16,98.9,2.06,2.90
2021-05-17,91.7,1.95,2.79
2021-05-18,88.1,1.89,2.73
2021-05-19,83.8,1.82,2.66
2021-05-20,78.9,1.74,2.58
2021-05-21,73.6,1.65,2.49
2021-05-22,68.7,1.56,2.40
2021-05-23,64.1,1.47,2.31
2021-05-24,64.1,1.47,2.31
2021-05-25,58.2,1.36,2.20
2021-05-26,50.9,1.21,2.05
2021-05-27,46.9,1.12,1.96
2021-05-28,43.5,1.04,1.88
2021-05-29,42.1,1.01,1.85
2021-05-30,45.5,1.09,1.93
2021-05-31,42.2,1.01,1.85
2021-06-01,48.6,1.16,2.00
2021-06-02,46.2,1.10,1.94
2021-06-03,41.2,0.99,1.83
2021-06-04,38.4,0.92,1.76
2021-06-05,38.3,0.92,1.76
2021-06-06,42.2,1.01,1.85
2021-06-07,38.5,0.92,1.76
2021-06-08,34.6,0.82,1.66
2021-06-09,32.3,0.77,1.61
2021-06-10,30.9,0.73,1.57
2021-06-11,29.7,0.69,1.53
2021-06-12,28.3,0.66,1.50
2021-06-13,27.6,0.64,1.48
2021-06-14,30.1,0.71,1.55
2021-06-15,39.9,0.95,1.79
2021-06-16,54.8,1.29,2.13
2021-06-17,88.3,1.88,2.72
2021-06-18,133,2.55,3.39
2021-06-19,125,2.44,3.28
2021-06-20,98.0,2.05,2.89
2021-06-21,78.5,1.73,2.57
2021-06-22,73.2,1.64,2.48
2021-06-23,109,2.19,3.03
2021-06-24,204,3.32,4.16
2021-06-25,335,4.52,5.36
2021-06-26,361,4.71,5.55
2021-06-27,395,4.96,5.80
2021-06-28,461,5.43,6.27
2021-06-29,428,5.19,6.03
2021-06-30,384,4.86,5.70
2021-07-01,402,5.00,5.84
2021-07-02,401,4.99,5.83
2021-07-03,391,4.91,5.75
2021-07-04,397,4.96,5.80
2021-07-05,441,5.27,6.11
2021-07-06,468,5.45,6.29
2021-07-07,473,5.48,6.32
2021-07-08,487,5.57,6.41
2021-07-09,512,5.73,6.57
2021-07-10,530,5.85,6.69
2021-07-11,559,6.03,6.87
2021-07-12,608,6.33,7.17
2021-07-13,632,6.47,7.31
2021-07-14,658,6.62,7.46
2021-07-15,669,6.69,7.53
2021-07-16,653,6.59,7.43
2021-07-17,590,6.20,7.04
2021-07-18,524,5.77,6.61
2021-07-19,470,5.40,6.24
2021-07-20,440,5.18,6.02
2021-07-21,540,5.86,6.70
2021-07-22,724,6.97,7.81
2021-07-23,759,7.17,8.01
2021-07-24,665,6.61,7.45
2021-07-25,583,6.10,6.94
2021-07-26,518,5.66,6.50
2021-07-27,457,5.23,6.07
2021-07-28,415,4.92,5.76
2021-07-29,397,4.78,5.62
2021-07-30,392,4.79,5.63
2021-07-31,360,4.61,5.45
2021-08-01,318,4.34,5.18
2021-08-02,304,4.25,5.09
2021-08-03,320,4.38,5.22
2021-08-04,424,5.07,5.91
2021-08-05,585,6.11,6.95
2021-08-06,633,6.42,7.26
2021-08-07,686,6.74,7.58
2021-08-08,848,7.66,8.50
2021-08-09,981,8.36,9.20
2021-08-10,946,8.18,9.02
2021-08-11,821,7.51,8.35
2021-08-12,677,6.69,7.53
2021-08-13,605,6.24,7.08
2021-08-14,528,5.79,6.63
2021-08-15,463,5.42,6.26
2021-08-16,435,5.25,6.09
2021-08-17,440,5.28,6.12
2021-08-18,465,5.42,6.26
2021-08-19,425,5.20,6.04
2021-08-20,372,4.86,5.70
2021-08-21,325,4.56,5.40
2021-08-22,311,4.46,5.30
2021-08-23,300,4.35,5.19
2021-08-24,274,4.13,4.97
2021-08-25,270,4.08,4.92
2021-08-26,305,4.34,5.18
2021-08-27,367,4.75,5.59
2021-08-28,375,4.80,5.64
2021-08-29,343,4.57,5.41
2021-08-30,309,4.33,5.17
2021-08-31,273,4.05,4.89
2021-09-01,239,3.77,4.61
2021-09-02,215,3.55,4.39
2021-09-03,209,3.48,4.32
2021-09-04,245,3.76,4.60
2021-09-05,342,4.45,5.29
2021-09-06,433,5.06,5.90
2021-09-07,616,6.30,7.14
2021-09-08,844,7.63,8.47
2021-09-09,1070,8.76,9.60
2021-09-10,1160,9.13,9.97
2021-09-11,1230,9.38,10.22
2021-09-12,1270,9.52,10.36
2021-09-13,1200,9.29,10.13
2021-09-14,1170,9.18,10.02
2021-09-15,1080,8.80,9.64
2021-09-16,969,8.29,9.13
2021-09-17,997,8.43,9.27
2021-09-18,1070,8.75,9.59
2021-09-19,1410,9.91,10.75
2021-09-20,2440,12.00,12.84
2021-09-21,3450,13.34,14.18
2021-09-22,3350,13.22,14.06
2021-09-23,2700,12.39,13.23
2021-09-24,2180,11.62,12.46
2021-09-25,1790,10.92,11.76
2021-09-26,1490,10.19,11.03
2021-09-27,1270,9.50,10.34
2021-09-28,1100,8.89,9.73
2021-09-29,972,8.32,9.16
2021-09-30,850,7.81,8.65
2021-10-01,739,7.35,8.19
2021-10-02,645,6.94,7.78
2021-10-03,563,6.56,7.40
2021-10-04,495,6.21,7.05
2021-10-05,441,5.91,6.75
2021-10-06,399,5.65,6.49
2021-10-07,365,5.44,6.28
2021-10-08,335,5.24,6.08
2021-10-09,338,5.26,6.10
2021-10-10,374,5.44,6.28
2021-10-11,397,5.55,6.39
2021-10-12,388,5.48,6.32
2021-10-13,367,5.34,6.18
2021-10-14,335,5.13,5.97
2021-10-15,305,4.92,5.76
2021-10-16,281,4.75,5.59
2021-10-17,263,4.59,5.43
2021-10-18,246,4.45,5.29
2021-10-19,230,4.31,5.15
2021-10-20,218,4.18,5.02
2021-10-21,208,4.07,4.91
2021-10-22,199,3.97,4.81
2021-10-23,190,3.87,4.71
2021-10-24,182,3.77,4.61
2021-10-25,183,3.76,4.60
2021-10-26,227,4.09,4.93
2021-10-27,267,4.36,5.20
2021-10-28,277,4.43,5.27
2021-10-29,376,5.06,5.90
2021-10-30,491,5.70,6.54
2021-10-31,476,5.61,6.45
2021-11-01,407,5.20,6.04
2021-11-02,338,4.76,5.60
2021-11-03,288,4.40,5.24
2021-11-04,253,4.12,4.96
2021-11-05,269,4.22,5.06
2021-11-06,574,6.18,7.02
2021-11-07,806,7.49,8.33
2021-11-08,860,7.77,8.61
2021-11-09,780,7.35,8.19
2021-11-10,650,6.61,7.45
2021-11-11,547,5.99,6.83
2021-11-12,533,5.90,6.74
2021-11-13,522,5.83,6.67
2021-11-14,494,5.68,6.52
2021-11-15,448,5.42,6.26
2021-11-16,399,5.12,5.96
2021-11-17,356,4.85,5.69
2021-11-18,337,4.71,5.55
2021-11-19,444,5.39,6.23
2021-11-20,530,5.89,6.73
2021-11-21,557,6.05,6.89
2021-11-22,570,6.14,6.98
2021-11-23,605,6.35,7.19
2021-11-24,605,6.35,7.19
2021-11-25,553,6.03,6.87
2021-11-26,478,5.62,6.46
2021-11-27,415,5.26,6.10
2021-11-28,367,4.96,5.80
2021-11-29,331,4.72,5.56
2021-11-30,304,4.51,5.35
2021-12-01,283,4.34,5.18
2021-12-02,267,4.20,5.04
2021-12-03,253,4.07,4.91
2021-12-04,241,3.94,4.78
2021-12-05,231,3.84,4.68
2021-12-06,224,3.75,4.59
2021-12-07,217,3.67,4.51
2021-12-08,212,3.59,4.43
2021-12-09,206,3.51,4.35
2021-12-10,197,3.41,4.25
2021-12-11,190,3.31,4.15
2021-12-12,184,3.23,4.07
2021-12-13,179,3.16,4.00
2021-12-14,175,3.10,3.94
2021-12-15,172,3.06,3.90
2021-12-16,175,3.08,3.92
2021-12-17,180,3.10,3.94
2021-12-18,178,3.07,3.91
2021-12-19,174,3.00,3.84
2021-12-20,173,2.98,3.82
2021-12-21,338,4.44,5.28
2021-12-22,574,6.15,6.99
2021-12-23,695,6.88,7.72
2021-12-24,726,7.05,7.89
2021-12-25,659,6.67,7.51
2021-12-26,543,5.97,6.81
2021-12-27,454,5.37,6.21
2021-12-28,391,4.96,5.80
2021-12-29,342,4.65,5.49
2021-12-30,306,4.39,5.23
2021-12-31,279,4.19,5.03
2022-01-01,260,4.03,4.87
2022-01-02,243,3.89,4.73
2022-01-03,230,3.77,4.61
2022-01-04,217,3.63,4.47
2022-01-05,202,3.49,4.33
2022-01-06,191,3.38,4.22
2022-01-07,184,3.28,4.12
2022-01-08,176,3.19,4.03
2022-01-09,168,3.10,3.94
2022-01-10,162,3.03,3.87
2022-01-11,163,3.02,3.86
2022-01-12,159,2.96,3.80
2022-01-13,152,2.87,3.71
2022-01-14,146,2.79,3.63
2022-01-15,142,2.73,3.57
2022-01-16,149,2.80,3.64
2022-01-17,196,3.27,4.11
2022-01-18,220,3.49,4.33
2022-01-19,204,3.33,4.17
2022-01-20,187,3.15,3.99
2022-01-21,174,3.01,3.85
2022-01-22,165,2.90,3.74
2022-01-23,160,2.83,3.67
2022-01-24,155,2.77,3.61
2022-01-25,149,2.70,3.54
2022-01-26,155,2.78,3.62
2022-01-27,185,3.13,3.97
2022-01-28,190,3.19,4.03
2022-01-29,180,3.08,3.92
2022-01-30,168,2.94,3.78
2022-01-31,157,2.81,3.65
2022-02-01,149,2.72,3.56
2022-02-02,143,2.65,3.49
2022-02-03,138,2.58,3.42
2022-02-04,133,2.52,3.36
2022-02-05,129,2.46,3.30
2022-02-06,127,2.44,3.28
2022-02-07,126,2.43,3.27
2022-02-08,125,2.42,3.26
2022-02-09,135,2.55,3.39
2022-02-10,150,2.74,3.58
2022-02-11,147,2.70,3.54
2022-02-12,140,2.62,3.46
2022-02-13,135,2.55,3.39
2022-02-14,136,2.57,3.41
2022-02-15,132,2.52,3.36
2022-02-16,127,2.45,3.29
2022-02-17,125,2.42,3.26
2022-02-18,124,2.41,3.25
2022-02-19,122,2.38,3.22
2022-02-20,119,2.33,3.17
2022-02-21,114,2.27,3.11
2022-02-22,109,2.20,3.04
2022-02-23,106,2.14,2.98
2022-02-24,103,2.11,2.95
2022-02-25,101,2.08,2.92
2022-02-26,98.2,2.03,2.87
2022-02-27,93.7,1.96,2.80
2022-02-28,88.7,1.88,2.72
2022-03-01,87.7,1.87,2.71
2022-03-02,88.4,1.88,2.72
2022-03-03,87.2,1.86,2.70
2022-03-04,84.9,1.82,2.66
2022-03-05,83.8,1.80,2.64
2022-03-06,82.0,1.77,2.61
2022-03-07,80.9,1.75,2.59
2022-03-08,134,2.50,3.34
2022-03-09,325,4.47,5.31
2022-03-10,442,5.34,6.18
2022-03-11,591,6.31,7.15
2022-03-12,668,6.76,7.60
2022-03-13,725,7.08,7.92
2022-03-14,715,7.02,7.86
2022-03-15,649,6.65,7.49
2022-03-16,625,6.51,7.35
2022-03-17,741,7.16,8.00
2022-03-18,1050,8.66,9.50
2022-03-19,1080,8.80,9.64
2022-03-20,888,7.96,8.80
2022-03-21,678,6.93,7.77
2022-03-22,519,6.04,6.88
2022-03-23,414,5.38,6.22
2022-03-24,360,5.01,5.85
2022-03-25,348,4.92,5.76
2022-03-26,328,4.77,5.61
2022-03-27,293,4.50,5.34
2022-03-28,259,4.23,5.07
2022-03-29,227,3.95,4.79
2022-03-30,199,3.71,4.55
2022-03-31,178,3.49,4.33
2022-04-01,311,4.61,5.45
2022-04-02,509,5.97,6.81
2022-04-03,764,7.37,8.21
2022-04-04,941,8.20,9.04
2022-04-05,1100,8.87,9.71
2022-04-06,1060,8.71,9.55
2022-04-07,885,7.95,8.79
2022-04-08,736,7.23,8.07
2022-04-09,653,6.80,7.64
2022-04-10,591,6.46,7.30
2022-04-11,515,6.02,6.86
2022-04-12,433,5.52,6.36
2022-04-13,357,5.07,5.91
2022-04-14,304,4.72,5.56
2022-04-15,280,4.54,5.38
2022-04-16,276,4.48,5.32
2022-04-17,332,4.82,5.66
2022-04-18,458,5.61,6.45
2022-04-19,497,5.85,6.69
2022-04-20,445,5.50,6.34
2022-04-21,378,5.03,5.87
2022-04-22,306,4.54,5.38
2022-04-23,252,4.13,4.97
2022-04-24,215,3.80,4.64
2022-04-25,188,3.54,4.38
2022-04-26,169,3.33,4.17
2022-04-27,154,3.14,3.98
2022-04-28,168,3.26,4.10
2022-04-29,163,3.17,4.01
2022-04-30,141,2.90,3.74
2022-05-01,128,2.72,3.56
2022-05-02,120,2.58,3.42
2022-05-03,113,2.45,3.29
2022-05-04,108,2.35,3.19
2022-05-05,105,2.25,3.09
2022-05-06,99.5,2.13,2.97
2022-05-07,103,2.14,2.98
2022-05-08,106,2.13,2.97
2022-05-09,99.3,1.99,2.83
2022-05-10,93.3,1.84,2.68
2022-05-11,88.3,1.71,2.55
2022-05-12,84.3,1.61,2.45
2022-05-13,82.4,1.56,2.40
2022-05-14,82.5,1.55,2.39
2022-05-15,92.8,1.72,2.56
2022-05-16,89.7,1.67,2.51
2022-05-17,103,1.88,2.72
2022-05-18,117,2.08,2.92
2022-05-19,125,2.19,3.03
2022-05-20,119,2.11,2.95
2022-05-21,133,2.30,3.14
2022-05-22,222,3.32,4.16
2022-05-23,283,3.91,4.75
2022-05-24,264,3.73,4.57
2022-05-25,214,3.24,4.08
2022-05-26,172,2.78,3.62
2022-05-27,143,2.43,3.27
2022-05-28,124,2.18,3.02
2022-05-29,112,2.01,2.85
2022-05-30,107,1.94,2.78
2022-05-31,105,1.91,2.75
2022-06-01,97.1,1.79,2.63
2022-06-02,90.7,1.68,2.52
2022-06-03,85.8,1.61,2.45
2022-06-04,83.9,1.57,2.41
2022-06-05,91.6,1.70,2.54
2022-06-06,111,1.98,2.82
2022-06-07,172,2.77,3.61
2022-06-08,201,3.10,3.94
2022-06-09,335,4.36,5.20
2022-06-10,366,4.62,5.46
2022-06-11,295,4.02,4.86
2022-06-12,291,3.98,4.82
2022-06-13,300,4.07,4.91
2022-06-14,278,3.87,4.71
2022-06-15,266,3.76,4.60
2022-06-16,211,3.21,4.05
2022-06-17,168,2.73,3.57
2022-06-18,140,2.38,3.22
2022-06-19,140,2.38,3.22
2022-06-20,375,4.68,5.52
2022-06-21,430,5.11,5.95
2022-06-22,359,4.56,5.40
2022-06-23,258,3.68,4.52
2022-06-24,190,2.99,3.83
2022-06-25,165,2.70,3.54
2022-06-26,151,2.53,3.37
2022-06-27,137,2.35,3.19
2022-06-28,128,2.23,3.07
2022-06-29,184,2.90,3.74
2022-06-30,223,3.33,4.17
2022-07-01,265,3.74,4.58
2022-07-02,323,4.26,5.10
2022-07-03,303,4.09,4.93
2022-07-04,363,4.60,5.44
2022-07-05,395,4.85,5.69
2022-07-06,295,4.02,4.86
2022-07-07,221,3.32,4.16
2022-07-08,192,3.01,3.85
2022-07-09,206,3.16,4.00
2022-07-10,297,4.03,4.87
2022-07-11,398,4.87,5.71
2022-07-12,436,5.16,6.00
2022-07-13,438,5.17,6.01
2022-07-14,402,4.90,5.74
2022-07-15,455,5.30,6.14
2022-07-16,446,5.23,6.07
2022-07-17,434,5.14,5.98
2022-07-18,477,5.45,6.29
2022-07-19,492,5.56,6.40
2022-07-20,573,6.09,6.93
2022-07-21,609,6.32,7.16
2022-07-22,572,6.09,6.93
2022-07-23,465,5.37,6.21
2022-07-24,422,5.05,5.89
2022-07-25,427,5.09,5.93
2022-07-26,405,4.92,5.76
2022-07-27,390,4.81,5.65
2022-07-28,374,4.69,5.53
2022-07-29,335,4.37,5.21
2022-07-30,291,3.98,4.82
2022-07-31,241,3.52,4.36
2022-08-01,200,3.09,3.93
2022-08-02,171,2.77,3.61
2022-08-03,158,2.61,3.45
2022-08-04,158,2.62,3.46
2022-08-05,177,2.84,3.68
2022-08-06,194,3.03,3.87
2022-08-07,185,2.93,3.77
2022-08-08,166,2.71,3.55
2022-08-09,155,2.58,3.42
2022-08-10,162,2.67,3.51
2022-08-11,178,2.85,3.69
2022-08-12,190,2.98,3.82
2022-08-13,193,3.02,3.86
2022-08-14,187,2.95,3.79
2022-08-15,187,2.95,3.79
2022-08-16,281,3.88,4.72
2022-08-17,347,4.47,5.31
2022-08-18,316,4.20,5.04
2022-08-19,288,3.96,4.80
2022-08-20,389,4.84,5.68
2022-08-21,425,5.14,5.98
2022-08-22,437,5.23,6.07
2022-08-23,477,5.55,6.39
2022-08-24,527,5.94,6.78
2022-08-25,544,6.08,6.92
2022-08-26,656,6.88,7.72
2022-08-27,753,7.54,8.38
2022-08-28,1270,9.65,10.49
2022-08-29,2180,11.62,12.46
2022-08-30,2150,11.58,12.42
2022-08-31,1790,10.98,11.82
2022-09-01,1360,10.12,10.96
2022-09-02,1040,9.23,10.07
2022-09-03,927,8.79,9.63
2022-09-04,885,8.56,9.40
2022-09-05,781,7.96,8.80
2022-09-06,648,7.14,7.98
2022-09-07,541,6.40,7.24
2022-09-08,540,6.37,7.21
2022-09-09,827,8.27,9.11
2022-09-10,837,8.34,9.18
2022-09-11,821,8.25,9.09
2022-09-12,848,8.41,9.25
2022-09-13,821,8.27,9.11
2022-09-14,717,7.66,8.50
2022-09-15,760,7.97,8.81
2022-09-16,953,8.97,9.81
2022-09-17,1380,10.27,11.11
2022-09-18,1880,11.30,12.14
2022-09-19,2210,11.83,12.67
2022-09-20,2000,11.52,12.36
2022-09-21,1720,11.07,11.91
2022-09-22,1750,11.13,11.97
2022-09-23,1770,11.19,12.03
2022-09-24,1440,10.53,11.37
2022-09-25,1070,9.62,10.46
2022-09-26,843,8.77,9.61
2022-09-27,710,8.08,8.92
2022-09-28,834,8.57,9.41
2022-09-29,5830,15.58,16.42
2022-09-30,14300,20.58,21.42
2022-10-01,13600,20.25,21.09
2022-10-02,9820,18.33,19.17
2022-10-03,6530,16.47,17.31
2022-10-04,4560,14.96,15.80
2022-10-05,3300,13.82,14.66
2022-10-06,2550,13.03,13.87
2022-10-07,2090,12.45,13.29
2022-10-08,1780,12.00,12.84
2022-10-09,1550,11.65,12.49
2022-10-10,1390,11.36,12.20
2022-10-11,1250,11.12,11.96
2022-10-12,1140,10.92,11.76
2022-10-13,1080,10.83,11.67
2022-10-14,1170,10.90,11.74
2022-10-15,1150,10.83,11.67
2022-10-16,1050,10.63,11.47
2022-10-17,935,10.39,11.23
2022-10-18,827,10.15,10.99
2022-10-19,741,9.90,10.74
2022-10-20,661,9.67,10.51
2022-10-21,604,9.49,10.33
2022-10-22,557,9.32,10.16
2022-10-23,518,9.16,10.00
2022-10-24,484,9.01,9.85
2022-10-25,456,8.86,9.70
2022-10-26,431,8.71,9.55
2022-10-27,413,8.57,9.41
2022-10-28,439,8.55,9.39
2022-10-29,735,9.35,10.19
2022-10-30,888,9.75,10.59
2022-10-31,782,9.42,10.26
2022-11-01,644,8.95,9.79
2022-11-02,543,8.52,9.36
2022-11-03,476,8.19,9.03
2022-11-04,434,7.94,8.78
2022-11-05,404,7.75,8.59
2022-11-06,389,7.62,8.46
2022-11-07,379,7.49,8.33
2022-11-08,368,7.38,8.22
2022-11-09,418,7.54,8.38
2022-11-10,799,9.15,9.99
2022-11-11,1810,11.41,12.25
2022-11-12,2820,12.90,13.74
2022-11-13,2580,12.60,13.44
2022-11-14,1960,11.73,12.57
2022-11-15,1500,10.94,11.78
2022-11-16,1200,10.34,11.18
2022-11-17,1000,9.86,10.70
2022-11-18,868,9.43,10.27
2022-11-19,754,9.02,9.86
2022-11-20,675,8.65,9.49
2022-11-21,630,8.40,9.24
2022-11-22,604,8.23,9.07
2022-11-23,589,8.12,8.96
2022-11-24,566,7.96,8.80
2022-11-25,539,7.78,8.62
2022-11-26,521,7.64,8.48
2022-11-27,509,7.53,8.37
2022-11-28,484,7.34,8.18
2022-11-29,454,7.13,7.97
2022-11-30,425,6.92,7.76
2022-12-01,402,6.72,7.56
2022-12-02,384,6.56,7.40
2022-12-03,364,6.39,7.23
2022-12-04,344,6.22,7.06
2022-12-05,328,6.07,6.91
2022-12-06,319,5.96,6.80
2022-12-07,309,5.85,6.69
2022-12-08,296,5.72,6.56
2022-12-09,284,5.59,6.43
2022-12-10,271,5.45,6.29
2022-12-11,261,5.33,6.17
2022-12-12,255,5.24,6.08
2022-12-13,249,5.14,5.98
2022-12-14,248,5.08,5.92
2022-12-15,250,5.06,5.90
2022-12-16,297,5.36,6.20
2022-12-17,348,5.68,6.52
2022-12-18,328,5.52,6.36
2022-12-19,300,5.28,6.12
2022-12-20,278,5.09,5.93
2022-12-21,282,5.11,5.95
2022-12-22,326,5.40,6.24
2022-12-23,335,5.45,6.29
2022-12-24,317,5.28,6.12
2022-12-25,292,5.07,5.91
2022-12-26,269,4.87,5.71
2022-12-27,251,4.71,5.55
2022-12-28,238,4.59,5.43
2022-12-29,225,4.46,5.30
2022-12-30,216,4.36,5.20
2022-12-31,212,4.29,5.13
2023-01-01,207,4.23,5.07
2023-01-02,201,4.15,4.99
2023-01-03,194,4.07,4.91
2023-01-04,187,3.97,4.81
2023-01-05,181,3.90,4.74
2023-01-06,178,3.84,4.68
2023-01-07,179,3.82,4.66
2023-01-08,179,3.81,4.65
2023-01-09,177,3.76,4.60
2023-01-10,172,3.70,4.54
2023-01-11,169,3.64,4.48
2023-01-12,164,3.57,4.41
2023-01-13,165,3.56,4.40
2023-01-14,174,3.64,4.48
2023-01-15,182,3.71,4.55
2023-01-16,179,3.66,4.50
2023-01-17,170,3.55,4.39
2023-01-18,163,3.45,4.29
2023-01-19,158,3.38,4.22
2023-01-20,154,3.33,4.17
2023-01-21,150,3.26,4.10
2023-01-22,144,3.18,4.02
2023-01-23,140,3.13,3.97
2023-01-24,136,3.07,3.91
2023-01-25,133,3.02,3.86
2023-01-26,133,3.02,3.86
2023-01-27,137,3.05,3.89
2023-01-28,135,3.01,3.85
2023-01-29,131,2.96,3.80
2023-01-30,128,2.92,3.76
2023-01-31,127,2.89,3.73
2023-02-01,129,2.91,3.75
2023-02-02,126,2.85,3.69
2023-02-03,130,2.88,3.72
2023-02-04,143,3.03,3.87
2023-02-05,146,3.05,3.89
2023-02-06,137,2.93,3.77
2023-02-07,131,2.85,3.69
2023-02-08,126,2.77,3.61
2023-02-09,123,2.72,3.56
2023-02-10,119,2.67,3.51
2023-02-11,120,2.67,3.51
2023-02-12,118,2.64,3.48
2023-02-13,116,2.61,3.45
2023-02-14,113,2.57,3.41
2023-02-15,108,2.50,3.34
2023-02-16,104,2.44,3.28
2023-02-17,100,2.39,3.23
2023-02-18,99.4,2.38,3.22
2023-02-19,96.8,2.34,3.18
2023-02-20,95.4,2.32,3.16
2023-02-21,94.2,2.30,3.14
2023-02-22,91.0,2.26,3.10
2023-02-23,85.9,2.19,3.03
2023-02-24,82.0,2.13,2.97
2023-02-25,78.9,2.08,2.92
2023-02-26,76.8,2.05,2.89
2023-02-27,76.4,2.04,2.88
2023-02-28,76.9,2.04,2.88
2023-03-01,75.6,2.02,2.86
2023-03-02,73.9,1.99,2.83
2023-03-03,71.9,1.96,2.80
2023-03-04,72.2,1.96,2.80
2023-03-05,70.3,1.93,2.77
2023-03-06,77.0,2.02,2.86
2023-03-07,122,2.61,3.45
2023-03-08,122,2.61,3.45
2023-03-09,99.7,2.32,3.16
2023-03-10,84.5,2.12,2.96
2023-03-11,76.5,2.00,2.84
2023-03-12,70.0,1.91,2.75
2023-03-13,67.1,1.86,2.70
2023-03-14,70.5,1.91,2.75
2023-03-15,75.8,1.98,2.82
2023-03-16,69.2,1.88,2.72
2023-03-17,65.5,1.82,2.66
2023-03-18,62.4,1.77,2.61
2023-03-19,60.1,1.73,2.57
2023-03-20,57.3,1.69,2.53
2023-03-21,55.1,1.65,2.49
2023-03-22,53.3,1.62,2.46
2023-03-23,52.0,1.59,2.43
2023-03-24,50.9,1.57,2.41
2023-03-25,50.9,1.57,2.41
2023-03-26,50.2,1.55,2.39
2023-03-27,49.6,1.54,2.38
2023-03-28,48.9,1.53,2.37
2023-03-29,48.6,1.52,2.36
2023-03-30,54.2,1.60,2.44
2023-03-31,51.8,1.56,2.40
2023-04-01,48.3,1.50,2.34
2023-04-02,47.1,1.48,2.32
2023-04-03,46.1,1.46,2.30
2023-04-04,45.0,1.44,2.28
2023-04-05,44.6,1.43,2.27
2023-04-06,41.4,1.37,2.21
2023-04-07,38.4,1.31,2.15
2023-04-08,38.1,1.30,2.14
2023-04-09,37.1,1.28,2.12
2023-04-10,37.9,1.29,2.13
2023-04-11,38.3,1.30,2.14
2023-04-12,39.5,1.31,2.15
2023-04-13,38.6,1.30,2.14
2023-04-14,37.7,1.28,2.12
2023-04-15,37.2,1.27,2.11
2023-04-16,50.3,1.48,2.32
2023-04-17,49.5,1.47,2.31
2023-04-18,53.1,1.52,2.36
2023-04-19,65.0,1.71,2.55
2023-04-20,56.9,1.58,2.42
2023-04-21,49.0,1.45,2.29
2023-04-22,46.1,1.40,2.24
2023-04-23,44.3,1.36,2.20
2023-04-24,39.7,1.28,2.12
2023-04-25,41.3,1.31,2.15
2023-04-26,59.6,1.60,2.44
2023-04-27,67.0,1.72,2.56
2023-04-28,62.5,1.65,2.49
2023-04-29,66.5,1.71,2.55
2023-04-30,93.1,2.10,2.94
2023-05-01,152,2.84,3.68
2023-05-02,168,3.03,3.87
2023-05-03,160,2.94,3.78
2023-05-04,132,2.61,3.45
2023-05-05,100,2.20,3.04
2023-05-06,79.7,1.91,2.75
2023-05-07,69.7,1.76,2.60
2023-05-08,71.0,1.78,2.62
2023-05-09,66.2,1.71,2.55
2023-05-10,59.2,1.60,2.44
2023-05-11,54.1,1.52,2.36
2023-05-12,49.6,1.45,2.29
2023-05-13,45.8,1.38,2.22
2023-05-14,42.5,1.33,2.17
2023-05-15,39.6,1.28,2.12
2023-05-16,36.8,1.22,2.06
2023-05-17,34.3,1.18,2.02
2023-05-18,33.4,1.16,2.00
2023-05-19,42.2,1.32,2.16
2023-05-20,96.7,2.05,2.89
2023-05-21,174,2.90,3.74
2023-05-22,167,2.75,3.59
2023-05-23,186,2.86,3.70
2023-05-24,394,4.73,5.57
2023-05-25,598,6.32,7.16
2023-05-26,639,6.63,7.47
2023-05-27,631,6.59,7.43
2023-05-28,600,6.39,7.23
2023-05-29,482,5.51,6.35
2023-05-30,368,4.55,5.39
2023-05-31,292,3.85,4.69
2023-06-01,245,3.38,4.22
2023-06-02,221,3.13,3.97
2023-06-03,207,2.98,3.82
2023-06-04,242,3.33,4.17
2023-06-05,300,3.90,4.74
2023-06-06,301,3.92,4.76
2023-06-07,261,3.53,4.37
2023-06-08,232,3.24,4.08
2023-06-09,202,2.94,3.78
2023-06-10,186,2.76,3.60
2023-06-11,242,3.33,4.17
2023-06-12,326,4.14,4.98
2023-06-13,311,4.00,4.84
2023-06-14,263,3.52,4.36
2023-06-15,231,3.19,4.03
2023-06-16,206,2.94,3.78
2023-06-17,191,2.78,3.62
2023-06-18,217,3.06,3.90
2023-06-19,256,3.46,4.30
2023-06-20,268,3.57,4.41
2023-06-21,325,4.12,4.96
2023-06-22,355,4.40,5.24
2023-06-23,409,4.89,5.73
2023-06-24,458,5.40,6.24
2023-06-25,456,5.44,6.28
2023-06-26,432,5.24,6.08
2023-06-27,383,4.81,5.65
2023-06-28,324,4.26,5.10
2023-06-29,277,3.79,4.63
2023-06-30,258,3.58,4.42
2023-07-01,228,3.27,4.11
2023-07-02,195,2.90,3.74
2023-07-03,170,2.61,3.45
2023-07-04,154,2.41,3.25
2023-07-05,207,2.95,3.79
2023-07-06,360,4.44,5.28
2023-07-07,415,4.92,5.76
2023-07-08,430,5.05,5.89
2023-07-09,424,4.99,5.83
2023-07-10,364,4.44,5.28
2023-07-11,297,3.79,4.63
2023-07-12,265,3.47,4.31
2023-07-13,247,3.29,4.13
2023-07-14,256,3.39,4.23
2023-07-15,340,4.26,5.10
2023-07-16,352,4.40,5.24
2023-07-17,389,4.76,5.60
2023-07-18,425,5.09,5.93
2023-07-19,460,5.40,6.24
2023-07-20,500,5.75,6.59
2023-07-21,516,5.87,6.71
2023-07-22,456,5.37,6.21
2023-07-23,371,4.61,5.45
2023-07-24,327,4.19,5.03
2023-07-25,308,4.00,4.84
2023-07-26,288,3.79,4.63
2023-07-27,280,3.69,4.53
2023-07-28,383,4.66,5.50
2023-07-29,462,5.35,6.19
2023-07-30,477,5.49,6.33
2023-07-31,419,5.00,5.84
2023-08-01,377,4.66,5.50
2023-08-02,437,5.22,6.06
2023-08-03,510,5.86,6.70
2023-08-04,517,5.94,6.78
2023-08-05,470,5.60,6.44
2023-08-06,421,5.20,6.04
2023-08-07,438,5.35,6.19
2023-08-08,455,5.49,6.33
2023-08-09,390,4.92,5.76
2023-08-10,306,4.15,4.99
2023-08-11,252,3.60,4.44
2023-08-12,223,3.32,4.16
2023-08-13,201,3.09,3.93
2023-08-14,195,3.00,3.84
2023-08-15,240,3.44,4.28
2023-08-16,272,3.77,4.61
2023-08-17,252,3.59,4.43
2023-08-18,308,,
2023-08-19,508,,
2023-08-20,720,,
2023-08-21,736,,
2023-08-22,606,6.75,7.59
2023-08-23,461,5.63,6.47
2023-08-24,361,4.78,5.62
2023-08-25,296,4.19,5.03
2023-08-26,251,3.75,4.59
2023-08-27,216,3.40,4.24
2023-08-28,193,3.16,4.00
2023-08-29,181,3.01,3.85
2023-08-30,260,3.76,4.60
2023-08-31,468,5.61,6.45
2023-09-01,667,7.17,8.01
2023-09-02,763,7.84,8.68
2023-09-03,777,7.94,8.78
2023-09-04,695,7.39,8.23
2023-09-05,560,6.40,7.24
2023-09-06,443,5.45,6.29
2023-09-07,365,4.77,5.61
2023-09-08,318,4.34,5.18
2023-09-09,364,4.75,5.59
2023-09-10,459,5.56,6.40
2023-09-11,553,6.30,7.14
2023-09-12,646,7.00,7.84
2023-09-13,626,6.86,7.70
2023-09-14,607,6.73,7.57
2023-09-15,594,6.64,7.48
2023-09-16,536,6.21,7.05
2023-09-17,477,5.74,6.58
2023-09-18,416,5.22,6.06
2023-09-19,361,4.73,5.57
2023-09-20,320,4.34,5.18
2023-09-21,301,4.16,5.00
2023-09-22,299,4.12,4.96
2023-09-23,287,3.99,4.83
2023-09-24,269,3.79,4.63
2023-09-25,249,3.59,4.43
2023-09-26,249,3.58,4.42
2023-09-27,293,4.02,4.86
2023-09-28,353,4.65,5.49
2023-09-29,503,5.95,6.79
2023-09-30,667,7.21,8.05
2023-10-01,852,8.41,9.25
2023-10-02,1160,9.74,10.58
2023-10-03,1950,11.41,12.25
2023-10-04,2280,11.97,12.81
2023-10-05,1870,11.34,12.18
2023-10-06,1440,10.53,11.37
2023-10-07,1180,9.94,10.78
2023-10-08,1030,9.50,10.34
2023-10-09,879,8.91,9.75
2023-10-10,741,8.18,9.02
2023-10-11,628,7.50,8.34
2023-10-12,549,7.00,7.84
2023-10-13,503,6.69,7.53
2023-10-14,468,6.43,7.27
2023-10-15,433,6.17,7.01
2023-10-16,400,5.92,6.76
2023-10-17,370,5.69,6.53
2023-10-18,342,5.46,6.30
2023-10-19,319,5.27,6.11
2023-10-20,299,5.10,5.94
2023-10-21,282,4.94,5.78
2023-10-22,265,4.78,5.62
2023-10-23,249,4.63,5.47
2023-10-24,235,4.49,5.33
2023-10-25,223,4.36,5.20
2023-10-26,211,4.22,5.06
2023-10-27,199,4.10,4.94
2023-10-28,190,3.99,4.83
2023-10-29,182,3.88,4.72
2023-10-30,173,3.77,4.61
2023-10-31,166,3.68,4.52
2023-11-01,161,3.60,4.44
2023-11-02,158,3.51,4.35
2023-11-03,148,3.40,4.24
2023-11-04,142,3.32,4.16
2023-11-05,140,3.25,4.09
2023-11-06,133,3.16,4.00
2023-11-07,129,3.10,3.94
2023-11-08,127,3.04,3.88
2023-11-09,123,2.98,3.82
2023-11-10,118,2.91,3.75
2023-11-11,117,2.86,3.70
2023-11-12,122,2.88,3.72
2023-11-13,130,2.92,3.76
2023-11-14,136,2.96,3.80
2023-11-15,138,2.96,3.80
2023-11-16,179,3.37,4.21
2023-11-17,796,8.10,8.94
2023-11-18,1530,10.54,11.38
2023-11-19,2760,12.56,13.40
2023-11-20,2820,12.68,13.52
2023-11-21,2280,11.97,12.81
2023-11-22,1840,11.29,12.13
2023-11-23,1550,10.74,11.58
2023-11-24,1340,10.31,11.15
2023-11-25,1180,9.92,10.76
2023-11-26,1050,9.53,10.37
2023-11-27,946,9.17,10.01
2023-11-28,865,,
2023-11-29,805,,
2023-11-30,749,,
2023-12-01,697,7.84,8.68
2023-12-02,648,7.53,8.37
2023-12-03,606,7.25,8.09
2023-12-04,568,6.98,7.82
2023-12-05,538,6.76,7.60
2023-12-06,510,6.53,7.37
2023-12-07,477,6.27,7.11
2023-12-08,444,6.01,6.85
2023-12-09,418,5.79,6.63
2023-12-10,396,5.60,6.44
2023-12-11,383,5.48,6.32
2023-12-12,376,5.39,6.23
2023-12-13,359,5.24,6.08
2023-12-14,346,5.11,5.95
2023-12-15,332,4.96,5.80
2023-12-16,325,4.90,5.74
2023-12-17,577,6.85,7.69
2023-12-18,1140,9.45,10.29
2023-12-19,2400,12.09,12.93
2023-12-20,2240,11.88,12.72
2023-12-21,1660,10.93,11.77
2023-12-22,1240,10.04,10.88
2023-12-23,986,9.27,10.11
2023-12-24,837,8.65,9.49
2023-12-25,746,8.14,8.98
2023-12-26,679,7.75,8.59
2023-12-27,629,7.44,8.28
2023-12-28,599,7.26,8.10
2023-12-29,598,7.26,8.10
2023-12-30,596,7.23,8.07
2023-12-31,575,7.09,7.93
2024-01-01,544,6.88,7.72
2024-01-02,508,6.62,7.46
2024-01-03,475,6.38,7.22
2024-01-04,448,6.17,7.01
2024-01-05,424,5.98,6.82
2024-01-06,408,5.85,6.69
2024-01-07,418,5.91,6.75
2024-01-08,440,6.05,6.89
2024-01-09,446,6.09,6.93
2024-01-10,466,6.23,7.07
2024-01-11,491,6.39,7.23
2024-01-12,496,6.42,7.26
2024-01-13,487,6.36,7.20
2024-01-14,464,6.19,7.03
2024-01-15,439,6.00,6.84
2024-01-16,419,5.85,6.69
2024-01-17,405,5.74,6.58
2024-01-18,392,5.63,6.47
2024-01-19,383,5.56,6.40
2024-01-20,381,5.53,6.37
2024-01-21,375,5.47,6.31
2024-01-22,362,5.37,6.21
2024-01-23,348,5.26,6.10
2024-01-24,333,5.14,5.98
2024-01-25,321,5.03,5.87
2024-01-26,310,4.94,5.78
2024-01-27,301,4.85,5.69
2024-01-28,291,4.76,5.60
2024-01-29,280,4.65,5.49
2024-01-30,269,4.54,5.38
2024-01-31,257,4.43,5.27
2024-02-01,249,4.33,5.17
2024-02-02,239,4.23,5.07
2024-02-03,230,4.14,4.98
2024-02-04,222,4.06,4.90
2024-02-05,220,4.03,4.87
2024-02-06,218,4.00,4.84
2024-02-07,209,3.90,4.74
2024-02-08,200,3.80,4.64
2024-02-09,194,3.73,4.57
2024-02-10,187,3.66,4.50
2024-02-11,181,3.59,4.43
2024-02-12,177,3.54,4.38
2024-02-13,172,3.48,4.32
2024-02-14,167,3.41,4.25
2024-02-15,160,3.32,4.16
2024-02-16,157,3.28,4.12
2024-02-17,162,3.33,4.17
2024-02-18,272,4.40,5.24
2024-02-19,488,6.14,6.98
2024-02-20,590,6.87,7.71
2024-02-21,626,7.12,7.96
2024-02-22,595,6.93,7.77
2024-02-23,512,6.37,7.21
2024-02-24,436,5.84,6.68
2024-02-25,395,5.53,6.37
2024-02-26,353,5.20,6.04
2024-02-27,316,4.89,5.73
2024-02-28,286,4.64,5.48
2024-02-29,261,4.41,5.25
2024-03-01,241,4.23,5.07
2024-03-02,225,4.08,4.92
2024-03-03,216,3.98,4.82
2024-03-04,212,3.95,4.79
2024-03-05,208,3.90,4.74
2024-03-06,205,3.86,4.70
2024-03-07,203,3.83,4.67
2024-03-08,193,3.72,4.56
2024-03-09,183,3.60,4.44
2024-03-10,174,3.51,4.35
2024-03-11,169,3.43,4.27
2024-03-12,160,3.31,4.15
2024-03-13,148,3.17,4.01
2024-03-14,140,3.06,3.90
2024-03-15,131,2.96,3.80
2024-03-16,123,2.85,3.69
2024-03-17,120,2.78,3.62
2024-03-18,114,2.70,3.54
2024-03-19,108,2.62,3.46
2024-03-20,104,2.53,3.37
2024-03-21,98.5,2.44,3.28
2024-03-22,98.1,2.42,3.26
2024-03-23,125,2.74,3.58
2024-03-24,145,2.96,3.80
2024-03-25,135,2.82,3.66
2024-03-26,122,2.65,3.49
2024-03-27,111,2.50,3.34
2024-03-28,105,2.41,3.25
2024-03-29,100,2.35,3.19
2024-03-30,94.0,2.25,3.09
2024-03-31,91.2,2.21,3.05
2024-04-01,89.5,2.17,3.01
2024-04-02,86.8,2.13,2.97
2024-04-03,85.2,2.10,2.94
2024-04-04,94.6,2.22,3.06
2024-04-05,118,2.51,3.35
2024-04-06,111,2.41,3.25
2024-04-07,98.0,2.22,3.06
2024-04-08,86.6,2.05,2.89
2024-04-09,79.2,1.94,2.78
2024-04-10,74.4,1.87,2.71
2024-04-11,72.7,1.84,2.68
2024-04-12,83.5,1.99,2.83
2024-04-13,106,2.30,3.14
2024-04-14,95.6,2.16,3.00
2024-04-15,81.1,1.96,2.80
2024-04-16,69.5,1.79,2.63
2024-04-17,63.1,1.70,2.54
2024-04-18,59.1,1.64,2.48
2024-04-19,55.8,1.59,2.43
2024-04-20,51.5,1.52,2.36
2024-04-21,47.6,1.45,2.29
2024-04-22,45.8,1.42,2.26
2024-04-23,43.1,1.38,2.22
2024-04-24,41.0,1.34,2.18
2024-04-25,39.3,1.31,2.15
2024-04-26,39.1,1.31,2.15
2024-04-27,38.5,1.30,2.14
2024-04-28,38.1,1.29,2.13
2024-04-29,38.8,1.30,2.14
2024-04-30,37.5,1.28,2.12
2024-05-01,35.3,1.24,2.08
2024-05-02,34.1,1.22,2.06
2024-05-03,32.0,1.18,2.02
2024-05-04,32.5,1.18,2.02
2024-05-05,39.8,1.31,2.15
2024-05-06,70.3,1.81,2.65
2024-05-07,63.1,1.70,2.54
2024-05-08,47.2,1.45,2.29
2024-05-09,38.3,1.29,2.13
2024-05-10,33.9,1.21,2.05
2024-05-11,28.3,1.10,1.94
2024-05-12,38.9,1.30,2.14
2024-05-13,57.3,1.61,2.45
2024-05-14,45.8,1.42,2.26
2024-05-15,45.6,1.39,2.23
2024-05-16,104,2.11,2.95
2024-05-17,158,2.67,3.51
2024-05-18,141,2.47,3.31
2024-05-19,122,2.24,3.08
2024-05-20,107,2.06,2.90
2024-05-21,92.2,1.86,2.70
2024-05-22,77.4,1.66,2.50
2024-05-23,64.9,1.48,2.32
2024-05-24,56.1,1.34,2.18
2024-05-25,50.7,1.25,2.09
2024-05-26,45.9,1.17,2.01
2024-05-27,42.6,1.12,1.96
2024-05-28,40.3,1.08,1.92
2024-05-29,39.9,1.07,1.91
2024-05-30,49.8,1.24,2.08
2024-05-31,42.5,1.12,1.96
2024-06-01,34.5,0.97,1.81
2024-06-02,29.0,0.87,1.71
2024-06-03,26.2,0.81,1.65
2024-06-04,24.6,0.78,1.62
2024-06-05,23.3,0.75,1.59
2024-06-06,25.6,0.79,1.63
2024-06-07,90.7,1.77,2.61
2024-06-08,291,3.97,4.81
2024-06-09,248,3.57,4.41
2024-06-10,159,2.67,3.51
2024-06-11,209,3.19,4.03
2024-06-12,298,4.04,4.88
2024-06-13,347,4.47,5.31
2024-06-14,433,5.18,6.02
2024-06-15,399,4.92,5.76
2024-06-16,344,4.46,5.30
2024-06-17,282,3.91,4.75
2024-06-18,218,3.28,4.12
2024-06-19,172,2.81,3.65
2024-06-20,163,2.71,3.55
2024-06-21,223,3.34,4.18
2024-06-22,244,3.56,4.40
2024-06-23,235,3.47,4.31
2024-06-24,268,3.80,4.64
2024-06-25,273,3.85,4.69
2024-06-26,330,4.35,5.19
2024-06-27,470,5.49,6.33
2024-06-28,528,5.93,6.77
2024-06-29,482,5.58,6.42
2024-06-30,417,5.08,5.92
2024-07-01,371,4.70,5.54
2024-07-02,355,4.56,5.40
2024-07-03,325,4.30,5.14
2024-07-04,295,4.03,4.87
2024-07-05,256,3.66,4.50
2024-07-06,212,3.23,4.07
2024-07-07,176,2.86,3.70
2024-07-08,152,2.59,3.43
2024-07-09,163,2.70,3.54
2024-07-10,267,3.76,4.60
2024-07-11,242,3.53,4.37
2024-07-12,205,3.15,3.99
2024-07-13,191,3.02,3.86
2024-07-14,186,2.96,3.80
2024-07-15,224,3.34,4.18
2024-07-16,382,4.76,5.60
2024-07-17,538,6.00,6.84
2024-07-18,585,6.34,7.18
2024-07-19,564,6.19,7.03
2024-07-20,522,5.88,6.72
2024-07-21,432,5.19,6.03
2024-07-22,327,4.31,5.15
2024-07-23,261,3.71,4.55
2024-07-24,230,3.40,4.24
2024-07-25,205,3.15,3.99
2024-07-26,187,2.97,3.81
2024-07-27,180,2.90,3.74
2024-07-28,339,4.39,5.23
2024-07-29,421,5.09,5.93
2024-07-30,457,5.37,6.21
2024-07-31,466,5.45,6.29
2024-08-01,427,5.14,5.98
2024-08-02,352,4.53,5.37
2024-08-03,308,4.15,4.99
2024-08-04,317,4.23,5.07
2024-08-05,442,5.26,6.10
2024-08-06,580,6.31,7.15
2024-08-07,707,7.17,8.01
2024-08-08,863,8.13,8.97
2024-08-09,927,8.50,9.34
2024-08-10,861,8.14,8.98
2024-08-11,745,7.46,8.30
2024-08-12,648,6.87,7.71
2024-08-13,586,6.45,7.29
2024-08-14,510,5.92,6.76
2024-08-15,476,5.67,6.51
2024-08-16,447,5.45,6.29
2024-08-17,364,4.78,5.62
2024-08-18,291,4.15,4.99
2024-08-19,246,3.73,4.57
2024-08-20,217,3.43,4.27
2024-08-21,198,3.23,4.07
2024-08-22,268,3.89,4.73
2024-08-23,385,4.92,5.76
2024-08-24,418,5.16,6.00
2024-08-25,437,5.31,6.15
2024-08-26,547,6.13,6.97
2024-08-27,669,6.96,7.80
2024-08-28,688,7.07,7.91
2024-08-29,713,7.22,8.06
2024-08-30,730,7.32,8.16
2024-08-31,804,7.75,8.59
2024-09-01,787,7.64,8.48
2024-09-02,770,7.52,8.36
2024-09-03,832,7.87,8.71
2024-09-04,766,7.47,8.31
2024-09-05,734,7.29,8.13
2024-09-06,984,8.66,9.50
2024-09-07,1250,9.67,10.51
2024-09-08,1400,10.11,10.95
2024-09-09,1530,10.46,11.30
2024-09-10,1620,10.70,11.54
2024-09-11,1840,11.19,12.03
2024-09-12,2020,11.51,12.35
2024-09-13,1810,11.17,12.01
2024-09-14,1560,10.65,11.49
2024-09-15,1330,10.07,10.91
2024-09-16,1150,9.53,10.37
2024-09-17,1080,9.28,10.12
2024-09-18,1020,9.05,9.89
2024-09-19,913,8.59,9.43
2024-09-20,828,8.15,8.99
2024-09-21,748,7.70,8.54
2024-09-22,681,7.30,8.14
2024-09-23,636,7.03,7.87
2024-09-24,575,6.63,7.47
2024-09-25,521,6.25,7.09
2024-09-26,518,6.22,7.06
2024-09-27,517,6.19,7.03
2024-09-28,496,6.03,6.87
2024-09-29,515,6.16,7.00
2024-09-30,556,6.45,7.29
2024-10-01,570,6.54,7.38
2024-10-02,777,7.76,8.60
2024-10-03,1190,9.57,10.41
2024-10-04,1530,10.54,11.38
2024-10-05,1390,10.20,11.04
2024-10-06,1120,9.42,10.26
2024-10-07,976,8.87,9.71
2024-10-08,942,8.74,9.58
2024-10-09,1080,9.25,10.09
2024-10-10,3700,13.69,14.53
2024-10-11,7430,16.90,17.74
2024-10-12,6960,16.69,17.53
2024-10-13,4930,15.23,16.07
2024-10-14,3400,13.83,14.67
2024-10-15,2520,12.81,13.65
2024-10-16,1980,12.06,12.90
2024-10-17,1630,11.47,12.31
2024-10-18,1370,11.00,11.84
2024-10-19,1190,10.61,11.45
2024-10-20,1030,10.26,11.10
2024-10-21,918,9.97,10.81
2024-10-22,845,9.74,10.58
2024-10-23,789,9.54,10.38
2024-10-24,735,9.32,10.16
2024-10-25,681,9.09,9.93
2024-10-26,631,8.85,9.69
2024-10-27,588,8.61,9.45
2024-10-28,551,8.39,9.23
2024-10-29,522,8.20,9.04
2024-10-30,501,8.06,8.90
2024-10-31,473,7.87,8.71
2024-11-01,444,7.68,8.52
2024-11-02,422,7.54,8.38
2024-11-03,413,7.44,8.28
2024-11-04,397,7.31,8.15
2024-11-05,389,7.21,8.05
2024-11-06,379,7.11,7.95
2024-11-07,369,7.00,7.84
2024-11-08,361,6.90,7.74
2024-11-09,349,6.77,7.61
2024-11-10,329,6.61,7.45
2024-11-11,311,6.47,7.31
2024-11-12,293,6.32,7.16
2024-11-13,285,6.19,7.03
2024-11-14,270,6.05,6.89
2024-11-15,254,5.89,6.73
2024-11-16,242,5.75,6.59
2024-11-17,233,5.63,6.47
2024-11-18,225,5.52,6.36
2024-11-19,217,5.42,6.26
2024-11-20,209,5.31,6.15
2024-11-21,201,5.19,6.03
2024-11-22,192,5.06,5.90
2024-11-23,183,4.93,5.77
2024-11-24,174,4.82,5.66
2024-11-25,169,4.71,5.55
2024-11-26,163,4.61,5.45
2024-11-27,160,4.53,5.37
2024-11-28,155,4.43,5.27
2024-11-29,149,4.33,5.17
2024-11-30,146,4.23,5.07
2024-12-01,144,4.14,4.98
2024-12-02,138,4.03,4.87
2024-12-03,132,3.92,4.76
2024-12-04,128,3.83,4.67
2024-12-05,124,3.73,4.57
2024-12-06,122,3.66,4.50
2024-12-07,121,3.58,4.42
2024-12-08,119,3.49,4.33
2024-12-09,115,3.40,4.24
2024-12-10,113,3.32,4.16
2024-12-11,110,3.24,4.08
2024-12-12,108,3.17,4.01
2024-12-13,107,3.10,3.94
2024-12-14,104,3.02,3.86
2024-12-15,104,2.98,3.82
2024-12-16,106,2.95,3.79
2024-12-17,115,3.02,3.86
2024-12-18,126,3.11,3.95
2024-12-19,132,3.15,3.99
2024-12-20,131,3.11,3.95
2024-12-21,127,3.03,3.87
2024-12-22,120,2.91,3.75
2024-12-23,114,2.80,3.64
2024-12-24,110,2.73,3.57
2024-12-25,109,2.68,3.52
2024-12-26,109,2.66,3.50
2024-12-27,108,2.62,3.46
2024-12-28,108,2.59,3.43
2024-12-29,110,2.59,3.43
2024-12-30,151,3.08,3.92
2024-12-31,209,3.69,4.53
2025-01-01,206,3.65,4.49
2025-01-02,189,3.46,4.30
2025-01-03,172,3.24,4.08
2025-01-04,156,3.05,3.89
2025-01-05,143,2.87,3.71
2025-01-06,133,2.74,3.58
2025-01-07,128,2.65,3.49
2025-01-08,124,2.59,3.43
2025-01-09,121,2.53,3.37
2025-01-10,119,2.48,3.32
2025-01-11,117,2.43,3.27
2025-01-12,116,2.39,3.23
2025-01-13,115,2.36,3.20
2025-01-14,114,2.33,3.17
2025-01-15,114,2.31,3.15
2025-01-16,112,2.26,3.10
2025-01-17,111,2.23,3.07
2025-01-18,109,2.18,3.02
2025-01-19,109,2.17,3.01
2025-01-20,116,2.24,3.08
2025-01-21,129,2.41,3.25
2025-01-22,172,2.92,3.76
2025-01-23,255,3.80,4.64
2025-01-24,273,3.98,4.82
2025-01-25,255,3.82,4.66
2025-01-26,230,3.57,4.41
2025-01-27,208,3.35,4.19
2025-01-28,195,3.21,4.05
2025-01-29,184,3.08,3.92
2025-01-30,175,2.97,3.81
2025-01-31,166,2.86,3.70
2025-02-01,159,2.78,3.62
2025-02-02,154,2.70,3.54
2025-02-03,151,2.66,3.50
2025-02-04,147,2.62,3.46
2025-02-05,144,2.58,3.42
2025-02-06,139,2.51,3.35
2025-02-07,135,2.47,3.31
2025-02-08,133,2.44,3.28
2025-02-09,126,2.36,3.20
2025-02-10,117,2.25,3.09
2025-02-11,114,2.21,3.05
2025-02-12,111,2.18,3.02
2025-02-13,110,2.16,3.00
2025-02-14,108,2.13,2.97
2025-02-15,114,2.21,3.05
2025-02-16,114,2.21,3.05
2025-02-17,108,2.14,2.98
2025-02-18,102,2.06,2.90
2025-02-19,100,2.03,2.87
2025-02-20,97.8,2.01,2.85
2025-02-21,96.3,1.99,2.83
2025-02-22,91.4,1.92,2.76
2025-02-23,87.5,1.87,2.71
2025-02-24,90.3,1.90,2.74
2025-02-25,120,2.27,3.11
2025-02-26,177,2.93,3.77
2025-02-27,182,2.98,3.82
2025-02-28,161,2.75,3.59
2025-03-01,141,2.51,3.35
2025-03-02,126,2.34,3.18
2025-03-03,116,2.21,3.05
2025-03-04,108,2.11,2.95
2025-03-05,100,2.00,2.84
2025-03-06,95.1,1.93,2.77
2025-03-07,89.7,1.85,2.69
2025-03-08,83.3,1.76,2.60
2025-03-09,80.5,1.72,2.56
2025-03-10,86.0,1.79,2.63
2025-03-11,117,2.18,3.02
2025-03-12,121,2.23,3.07
2025-03-13,98.6,1.94,2.78
2025-03-14,85.5,1.77,2.61
2025-03-15,78.7,1.67,2.51
2025-03-16,74.8,1.61,2.45
2025-03-17,72.5,1.57,2.41
2025-03-18,70.2,1.53,2.37
2025-03-19,68.0,1.50,2.34
2025-03-20,62.7,1.41,2.25
2025-03-21,58.3,1.34,2.18
2025-03-22,55.2,1.29,2.13
2025-03-23,53.7,1.26,2.10
2025-03-24,53.6,1.25,2.09
2025-03-25,54.2,1.26,2.10
2025-03-26,55.4,1.27,2.11
2025-03-27,54.1,1.25,2.09
2025-03-28,51.7,1.21,2.05
2025-03-29,49.6,1.17,2.01
2025-03-30,49.2,1.16,2.00
2025-03-31,56.3,1.27,2.11
2025-04-01,95.5,1.83,2.67
2025-04-02,93.0,1.79,2.63
2025-04-03,84.6,1.68,2.52
2025-04-04,75.0,1.54,2.38
2025-04-05,65.6,1.41,2.25
2025-04-06,57.1,1.28,2.12
2025-04-07,51.4,1.19,2.03
2025-04-08,47.7,1.12,1.96
2025-04-09,46.0,1.10,1.94
2025-04-10,45.1,1.08,1.92
2025-04-11,42.6,1.04,1.88
2025-04-12,39.6,0.98,1.82
2025-04-13,38.2,0.96,1.80
2025-04-14,37.4,0.95,1.79
2025-04-15,37.6,0.95,1.79
2025-04-16,36.3,0.93,1.77
2025-04-17,35.3,0.91,1.75
2025-04-18,33.4,0.87,1.71
2025-04-19,31.5,0.84,1.68
2025-04-20,29.2,0.79,1.63
2025-04-21,28.2,0.77,1.61
2025-04-22,27.3,0.75,1.59
2025-04-23,27.8,0.76,1.60
2025-04-24,26.9,0.75,1.59
2025-04-25,26.0,0.73,1.57
2025-04-26,25.2,0.71,1.55
2025-04-27,24.2,0.69,1.53
2025-04-28,23.4,0.67,1.51
2025-04-29,22.8,0.66,1.50
2025-04-30,22.3,0.65,1.49
2025-05-01,21.1,0.62,1.46
2025-05-02,20.5,0.61,1.45
2025-05-03,20.0,0.60,1.44
2025-05-04,20.8,0.62,1.46
2025-05-05,23.3,0.67,1.51
2025-05-06,28.6,0.78,1.62
2025-05-07,29.3,0.79,1.63
2025-05-08,39.7,0.98,1.82
2025-05-09,71.2,1.48,2.32
2025-05-10,108,1.99,2.83
2025-05-11,101,1.89,2.73
2025-05-12,160,2.58,3.42
2025-05-13,357,4.47,5.31
2025-05-14,498,5.62,6.46
2025-05-15,515,5.76,6.60
2025-05-16,451,5.27,6.11
2025-05-17,352,4.44,5.28
2025-05-18,264,3.65,4.49
2025-05-19,205,3.07,3.91
2025-05-20,168,2.68,3.52
2025-05-21,141,2.38,3.22
2025-05-22,120,2.13,2.97
2025-05-23,103,1.92,2.76
2025-05-24,90.2,1.75,2.59
2025-05-25,89.6,1.75,2.59
2025-05-26,92.6,1.79,2.63
2025-05-27,117,2.10,2.94
2025-05-28,131,2.27,3.11
2025-05-29,150,2.49,3.33
2025-05-30,142,2.39,3.23
2025-05-31,141,2.38,3.22
2025-06-01,191,2.93,3.77
2025-06-02,243,3.45,4.29
2025-06-03,271,3.72,4.56
2025-06-04,271,3.72,4.56
2025-06-05,250,3.52,4.36
2025-06-06,238,3.41,4.25
2025-06-07,238,3.41,4.25
2025-06-08,238,3.41,4.25
2025-06-09,256,3.58,4.42
2025-06-10,374,4.65,5.49
2025-06-11,404,4.90,5.74
2025-06-12,414,4.98,5.82
2025-06-13,362,4.54,5.38
2025-06-14,287,3.87,4.71
2025-06-15,222,3.24,4.08
2025-06-16,180,2.82,3.66
2025-06-17,152,2.51,3.35
2025-06-18,125,2.20,3.04
2025-06-19,107,1.98,2.82
2025-06-20,101,1.90,2.74
2025-06-21,122,2.16,3.00
2025-06-22,165,2.66,3.50
2025-06-23,174,2.76,3.60
2025-06-24,156,2.55,3.39
2025-06-25,135,2.31,3.15
2025-06-26,119,2.13,2.97
2025-06-27,104,1.94,2.78
2025-06-28,107,1.97,2.81
2025-06-29,149,2.48,3.32
2025-06-30,165,2.65,3.49
2025-07-01,173,2.74,3.58
2025-07-02,157,2.56,3.40
2025-07-03,166,2.66,3.50
2025-07-04,221,3.25,4.09
2025-07-05,255,3.60,4.44
2025-07-06,278,3.85,4.69
2025-07-07,301,4.10,4.94
2025-07-08,290,4.03,4.87
2025-07-09,264,3.79,4.63
2025-07-10,233,3.51,4.35
2025-07-11,208,3.26,4.10
2025-07-12,188,3.04,3.88
2025-07-13,196,3.13,3.97
2025-07-14,217,3.37,4.21
2025-07-15,277,4.00,4.84
2025-07-16,409,5.22,6.06
2025-07-17,509,6.05,6.89
2025-07-18,547,6.33,7.17
2025-07-19,558,6.42,7.26
2025-07-20,522,6.16,7.00
2025-07-21,436,5.51,6.35
2025-07-22,363,4.91,5.75
2025-07-23,315,4.51,5.35
2025-07-24,321,4.57,5.41
2025-07-25,316,4.53,5.37
2025-07-26,285,4.25,5.09
2025-07-27,253,3.95,4.79
2025-07-28,221,3.63,4.47
2025-07-29,196,3.37,4.21
2025-07-30,189,3.27,4.11
2025-07-31,253,3.90,4.74
2025-08-01,211,3.47,4.31
2025-08-02,180,3.13,3.97
2025-08-03,154,2.83,3.67
2025-08-04,136,2.63,3.47
2025-08-05,170,2.99,3.83
2025-08-06,380,4.99,5.83
2025-08-07,536,6.24,7.08
2025-08-08,640,6.99,7.83
2025-08-09,715,7.51,8.35
2025-08-10,772,7.90,8.74
2025-08-11,818,8.23,9.07
2025-08-12,832,8.34,9.18
2025-08-13,828,8.34,9.18
2025-08-14,765,7.97,8.81
2025-08-15,689,7.52,8.36
2025-08-16,624,7.12,7.96
2025-08-17,616,7.07,7.91
2025-08-18,602,6.98,7.82
2025-08-19,592,6.90,7.74
2025-08-20,578,6.79,7.63
2025-08-21,517,6.35,7.19
2025-08-22,462,5.95,6.79
2025-08-23,449,5.84,6.68
2025-08-24,442,5.77,6.61
2025-08-25,451,5.83,6.67
2025-08-26,451,5.82,6.66
2025-08-27,473,5.99,6.83
2025-08-28,476,6.01,6.85
2025-08-29,462,5.90,6.74
2025-08-30,563,6.64,7.48
2025-08-31,597,6.87,7.71
2025-09-01,568,6.68,7.52
2025-09-02,574,6.72,7.56
2025-09-03,583,6.79,7.63
2025-09-04,562,6.65,7.49
2025-09-05,507,6.26,7.10
2025-09-06,458,5.90,6.74
2025-09-07,518,6.33,7.17
2025-09-08,672,7.36,8.20
2025-09-09,775,8.03,8.87
2025-09-10,906,8.74,9.58
2025-09-11,1480,10.46,11.30
2025-09-12,1860,11.24,12.08
2025-09-13,1630,10.82,11.66
2025-09-14,1250,9.98,10.82
2025-09-15,957,9.06,9.90
2025-09-16,787,8.23,9.07
2025-09-17,669,7.51,8.35
2025-09-18,591,7.01,7.85
2025-09-19,532,6.61,7.45
2025-09-20,504,6.40,7.24
2025-09-21,485,6.25,7.09
2025-09-22,441,5.91,6.75
2025-09-23,395,5.55,6.39
2025-09-24,360,5.26,6.10
2025-09-25,345,5.13,5.97
2025-09-26,344,5.13,5.97
2025-09-27,310,4.85,5.69
2025-09-28,291,4.70,5.54
2025-09-29,315,4.90,5.74
2025-09-30,349,5.18,6.02
2025-10-01,325,4.99,5.83
2025-10-02,332,5.13,5.97
2025-10-03,419,5.84,6.68
2025-10-04,464,6.19,7.03
2025-10-05,468,6.23,7.07
2025-10-06,595,7.16,8.00
2025-10-07,689,7.88,8.72
2025-10-08,708,8.05,8.89
2025-10-09,764,8.38,9.22
2025-10-10,1200,10.06,10.90
2025-10-11,1350,10.45,11.29
2025-10-12,1270,10.30,11.14
2025-10-13,1050,9.75,10.59
2025-10-14,859,9.11,9.95
2025-10-15,727,8.53,9.37
2025-10-16,646,8.08,8.92
2025-10-17,582,7.73,8.57
2025-10-18,533,7.45,8.29
2025-10-19,494,7.22,8.06
2025-10-20,466,7.04,7.88
2025-10-21,438,6.86,7.70
2025-10-22,415,6.71,7.55
2025-10-23,396,6.58,7.42
2025-10-24,376,6.44,7.28
2025-10-25,356,6.29,7.13
2025-10-26,361,6.33,7.17
2025-10-27,498,7.26,8.10
2025-10-28,511,7.42,8.26
2025-10-29,520,7.54,8.38
2025-10-30,585,7.94,8.78
2025-10-31,623,8.17,9.01
2025-11-01,570,7.90,8.74
2025-11-02,498,7.53,8.37
2025-11-03,442,7.23,8.07
2025-11-04,398,7.01,7.85
2025-11-05,364,6.83,7.67
2025-11-06,339,6.68,7.52
2025-11-07,320,6.55,7.39
2025-11-08,302,6.43,7.27
2025-11-09,296,6.38,7.22
2025-11-10,306,6.40,7.24
2025-11-11,301,6.29,7.13
2025-11-12,277,6.14,6.98
2025-11-13,259,6.00,6.84
2025-11-14,247,5.88,6.72
2025-11-15,237,5.78,6.62
2025-11-16,224,5.67,6.51
2025-11-17,218,5.57,6.41
2025-11-18,210,5.47,6.31
2025-11-19,205,5.37,6.21
2025-11-20,198,5.27,6.11
2025-11-21,192,5.17,6.01
2025-11-22,182,5.07,5.91
2025-11-23,175,4.95,5.79
2025-11-24,170,4.85,5.69
2025-11-25,164,4.75,5.59
2025-11-26,161,4.65,5.49
2025-11-27,157,4.54,5.38
2025-11-28,149,4.41,5.25
2025-11-29,152,4.31,5.15
2025-11-30,142,4.19,5.03
2025-12-01,131,4.07,4.91
2025-12-02,129,3.98,4.82
2025-12-03,136,3.92,4.76
2025-12-04,135,3.85,4.69
2025-12-05,132,3.74,4.58
2025-12-06,128,3.63,4.47
2025-12-07,144,3.70,4.54
2025-12-08,335,5.15,5.99
2025-12-09,579,6.92,7.76
2025-12-10,709,7.76,8.60
2025-12-11,721,7.83,8.67
2025-12-12,620,7.19,8.03
2025-12-13,495,6.32,7.16
2025-12-14,411,5.68,6.52
2025-12-15,359,5.25,6.09
2025-12-16,321,4.92,5.76
2025-12-17,294,4.66,5.50
2025-12-18,273,4.45,5.29
2025-12-19,257,4.27,5.11
2025-12-20,243,4.11,4.95
2025-12-21,229,3.95,4.79
2025-12-22,217,3.80,4.64
2025-12-23,211,3.71,4.55
2025-12-24,208,3.65,4.49
2025-12-25,199,3.53,4.37
2025-12-26,191,3.43,4.27
2025-12-27,190,3.38,4.22
2025-12-28,185,3.29,4.13
2025-12-29,181,3.21,4.05
2025-12-30,172,3.09,3.93
2025-12-31,164,2.97,3.81
2026-01-01,158,2.87,3.71
2026-01-02,153,2.78,3.62
2026-01-03,150,2.72,3.56
2026-01-04,154,2.75,3.59
2026-01-05,165,2.85,3.69
2026-01-06,164,2.82,3.66
2026-01-07,160,2.74,3.58
2026-01-08,155,2.67,3.51
2026-01-09,151,2.61,3.45
2026-01-10,146,2.54,3.38
2026-01-11,143,2.49,3.33
2026-01-12,139,2.42,3.26
2026-01-13,135,2.36,3.20
2026-01-14,131,2.29,3.13
2026-01-15,131,2.28,3.12
2026-01-16,141,2.39,3.23
2026-01-17,144,2.42,3.26
2026-01-18,139,2.35,3.19
2026-01-19,134,2.29,3.13
2026-01-20,127,2.21,3.05
2026-01-21,123,2.17,3.01
2026-01-22,122,2.16,3.00
2026-01-23,120,2.13,2.97
2026-01-24,117,2.09,2.93
2026-01-25,115,2.08,2.92
2026-01-26,116,2.09,2.93
2026-01-27,117,2.10,2.94
2026-01-28,113,2.06,2.90
2026-01-29,107,1.99,2.83
2026-01-30,102,1.93,2.77
2026-01-31,94.9,1.84,2.68
2026-02-01,89.5,1.77,2.61
2026-02-02,84.7,1.70,2.54
2026-02-03,81.7,1.67,2.51
2026-02-04,79.3,1.64,2.48
2026-02-05,78.7,1.63,2.47
2026-02-06,81.0,1.66,2.50
2026-02-07,80.1,1.65,2.49
2026-02-08,76.3,1.60,2.44
2026-02-09,73.5,1.57,2.41
2026-02-10,72.5,1.55,2.39
2026-02-11,72.0,1.55,2.39
2026-02-12,71.7,1.55,2.39
2026-02-13,70.3,1.53,2.37
2026-02-14,68.7,1.51,2.35
2026-02-15,67.9,1.50,2.34
2026-02-16,88.7,1.79,2.63
2026-02-17,131,2.33,3.17
2026-02-18,125,2.27,3.11
2026-02-19,112,2.10,2.94
2026-02-20,101,1.97,2.81
2026-02-21,91.5,1.85,2.69
2026-02-22,85.3,1.77,2.61
2026-02-23,80.8,1.71,2.55
2026-02-24,75.1,1.62,2.46
2026-02-25,69.5,1.54,2.38
2026-02-26,66.6,1.49,2.33
2026-02-27,65.0,1.47,2.31
2026-02-28,67.0,1.49,2.33
2026-03-01,70.4,1.54,2.38
2026-03-02,70.6,1.54,2.38
2026-03-03,69.3,1.52,2.36
2026-03-04,69.2,1.51,2.35
2026-03-05,73.8,1.58,2.42
2026-03-06,71.6,1.54,2.38
2026-03-07,69.1,1.50,2.34
2026-03-08,66.8,1.47,2.31
2026-03-09,72.5,1.55,2.39
2026-03-10,80.4,1.66,2.50
2026-03-11,76.6,1.60,2.44
2026-03-12,69.3,1.49,2.33
2026-03-13,66.0,1.44,2.28
2026-03-14,65.8,1.43,2.27
2026-03-15,63.2,1.39,2.23
2026-03-16,70.6,1.50,2.34
2026-03-17,83.6,1.68,2.52
2026-03-18,97.8,1.87,2.71
2026-03-19,102,1.92,2.76
2026-03-20,94.2,1.81,2.65
2026-03-21,81.2,1.63,2.47
2026-03-22,72.4,1.51,2.35
2026-03-23,66.2,1.41,2.25
2026-03-24,60.5,1.32,2.16
2026-03-25,56.6,1.26,2.10
2026-03-26,54.0,1.22,2.06
2026-03-27,52.8,1.20,2.04
2026-03-28,52.5,1.19,2.03
2026-03-29,50.8,1.16,2.00
2026-03-30,50.0,1.14,1.98
2026-03-31,53.1,1.19,2.03
2026-04-01,54.0,1.20,2.04
2026-04-02,52.2,1.17,2.01
2026-04-03,51.3,1.15,1.99
2026-04-04,57.5,1.25,2.09
2026-04-05,56.8,1.23,2.07
2026-04-06,51.8,1.15,1.99
2026-04-07,54.1,1.18,2.02
2026-04-08,,1.51,2.35
2026-04-09,,1.67,2.51
2026-04-10,90.4,1.70,2.54
2026-04-11,83.9,1.61,2.45
2026-04-12,73.5,1.46,2.30
2026-04-13,63.5,1.31,2.15
2026-04-14,56.0,1.19,2.03
2026-04-15,50.4,1.10,1.94
2026-04-16,46.4,1.03,1.87
2026-04-17,43.2,0.97,1.81
2026-04-18,39.1,0.90,1.74
2026-04-19,36.6,0.85,1.69
2026-04-20,34.1,0.80,1.64
2026-04-21,32.1,0.76,1.60
2026-04-22,30.0,0.72,1.56
2026-04-23,29.2,0.70,1.54
2026-04-24,29.1,0.70,1.54
2026-04-25,31.1,0.74,1.58
2026-04-26,30.3,0.72,1.56
2026-04-27,29.4,0.71,1.55
2026-04-28,29.5,0.71,1.55
2026-04-29,28.2,0.68,1.52
2026-04-30,28.0,0.68,1.52
2026-05-01,26.7,0.65,1.49
2026-05-02,26.0,0.64,1.48
2026-05-03,27.5,0.67,1.51
2026-05-04,35.4,0.82,1.66
2026-05-05,37.2,0.85,1.69
2026-05-06,32.0,0.76,1.60
2026-05-07,28.1,0.68,1.52
2026-05-08,25.2,0.62,1.46
2026-05-09,26.8,0.65,1.49
2026-05-10,54.9,1.15,1.99
2026-05-11,52.7,1.12,1.96
2026-05-12,45.0,0.99,1.83
2026-05-13,57.6,1.19,2.03
2026-05-14,55.2,1.16,2.00
2026-05-15,50.1,1.07,1.91
2026-05-16,41.5,0.93,1.77
2026-05-17,36.0,0.83,1.67
2026-05-18,32.5,0.76,1.60
2026-05-19,28.9,0.70,1.54
2026-05-20,25.9,0.64,1.48
2026-05-21,27.8,0.67,1.51
2026-05-22,46.1,1.00,1.84
2026-05-23,50.9,1.09,1.93
2026-05-24,37.9,0.86,1.70
2026-05-25,36.1,0.83,1.67
2026-05-26,36.3,0.84,1.68
2026-05-27,31.4,0.74,1.58
2026-05-28,28.1,0.68,1.52
2026-05-29,40.8,0.91,1.75
2026-05-30,41.1,0.92,1.76
2026-05-31,46.4,1.01,1.85
2026-06-01,52.2,1.11,1.95
2026-06-02,71.3,1.40,2.24
2026-06-03,63.5,1.28,2.12
2026-06-04,50.5,1.08,1.92
2026-06-05,39.4,0.89,1.73
2026-06-06,32.4,0.76,1.60
2026-06-07,27.6,0.67,1.51
2026-06-08,24.5,0.61,1.45
2026-06-09,22.6,0.57,1.41
2026-06-10,22.2,0.56,1.40
2026-06-11,23.2,0.58,1.42
2026-06-12,44.1,0.97,1.81
2026-06-13,76.6,1.48,2.32
2026-06-14,76.9,1.48,2.32
2026-06-15,145,2.34,3.18
2026-06-16,104,1.85,2.69
2026-06-17,76.5,1.48,2.32
2026-06-18,77.4,1.49,2.33
2026-06-19,67.0,1.34,2.18
2026-06-20,55.4,1.17,2.01
2026-06-21,61.1,1.26,2.10
2026-06-22,67.3,1.36,2.20
2026-06-23,55.1,1.17,2.01
2026-06-24,46.4,1.03,1.87
2026-06-25,42.2,0.96,1.80
2026-06-26,46.7,1.04,1.88
2026-06-27,42.5,0.97,1.81
2026-06-28,37.3,0.88,1.72
2026-06-29,45.5,1.03,1.87
2026-06-30,67.0,1.37,2.21
2026-07-01,88.4,1.67,2.51
2026-07-02,135,2.27,3.11
2026-07-03,110,1.96,2.80
2026-07-04,101,1.84,2.68
2026-07-05,163,2.59,3.43
2026-07-06,201,3.02,3.86
2026-07-07,196,3.01,3.85
2026-07-08,215,3.24,4.08
2026-07-09,321,4.31,5.15
2026-07-10,356,4.63,5.47
2026-07-11,304,4.18,5.02
2026-07-12,243,3.59,4.43
2026-07-13,220,3.36,4.20
2026-07-14,328,4.39,5.23
2026-07-15,436,5.31,6.15
2026-07-16,465,5.53,6.37
2026-07-17,409,5.08,5.92
2026-07-18,363,4.70,5.54
2026-07-19,317,4.30,5.14
2026-07-20,268,3.83,4.67
2026-07-21,223,3.38,4.22
2026-07-22,187,2.99,3.83
2026-07-23,156,2.64,3.48
2026-07-24,131,2.33,3.17
2026-07-25,112,2.06,2.90
2026-07-26,97.3,1.86,2.70
2026-07-27,90.9,1.77,2.61
2026-07-28,89.6,1.76,2.60
2026-07-29,85.7,1.71,2.55
2026-07-30,77.7,1.60,2.44
2026-07-31,80.8,1.65,2.49
2026-08-01,92.3,1.81,2.65
2026-08-02,97.4,1.88,2.72
2026-08-03,93.3,1.82,2.66
2026-08-04,84.2,1.70,2.54
2026-08-05,80.7,1.66,2.50
2026-08-06,77.7,1.62,2.46
2026-08-07,161,2.60,3.44
2026-08-08,389,4.81,5.65
2026-08-09,489,5.63,6.47
2026-08-10,513,5.84,6.68
2026-08-11,451,5.38,6.22
2026-08-12,355,4.61,5.45
2026-08-13,323,4.33,5.17
2026-08-14,362,4.68,5.52
2026-08-15,402,5.00,5.84
2026-08-16,457,5.44,6.28
2026-08-17,436,5.28,6.12
2026-08-18,371,4.75,5.59
2026-08-19,315,4.27,5.11
2026-08-20,266,3.82,4.66
2026-08-21,221,3.38,4.22
2026-08-22,200,3.16,4.00
2026-08-23,194,3.09,3.93
2026-08-24,167,2.79,3.63
2026-08-25,142,2.50,3.34
2026-08-26,140,2.47,3.31
2026-08-27,416,5.09,5.93
2026-08-28,672,6.97,7.81
2026-08-29,827,7.94,8.78
2026-08-30,874,8.22,9.06
2026-08-31,880,8.28,9.12
2026-09-01,837,8.08,8.92
2026-09-02,805,7.92,8.76
2026-09-03,816,8.01,8.85
2026-09-04,785,7.86,8.70
2026-09-05,744,7.65,8.49
2026-09-06,668,7.19,8.03
2026-09-07,695,7.37,8.21
2026-09-08,829,8.18,9.02
2026-09-09,1000,9.07,9.91
2026-09-10,1050,9.28,10.12
2026-09-11,1020,9.19,10.03
2026-09-12,862,8.46,9.30
2026-09-13,691,7.48,8.32
2026-09-14,601,6.93,7.77
2026-09-15,575,6.79,7.63
2026-09-16,581,6.85,7.69
2026-09-17,580,6.85,7.69
2026-09-18,566,6.76,7.60
2026-09-19,521,6.45,7.29
2026-09-20,476,6.13,6.97
2026-09-21,453,5.96,6.80
2026-09-22,457,5.99,6.83
2026-09-23,424,5.74,6.58
2026-09-24,383,5.42,6.26
2026-09-25,353,5.17,6.01
2026-09-26,323,4.91,5.75
2026-09-27,301,4.72,5.56
2026-09-28,277,4.51,5.35
2026-09-29,253,4.29,5.13
2026-09-30,234,4.12,4.96
2026-10-01,,4.03,4.87
2026-10-02,,4.04,4.88
2026-10-03,,4.26,5.10
2026-10-04,,4.73,5.57
2026-10-05,,5.23,6.07
